"AMPK (alpha 1, beta 1, gamma 1)",FPLX,AMPK_A1B1G1,,,,
"AMPK (alpha 1, beta 1, gamma 2)",FPLX,AMPK_A1B1G2,,,,
"AMPK (alpha 1, beta 1, gamma 3)",FPLX,AMPK_A1B1G3,,,,
"AMPK (alpha 1, beta 2, gamma 1)",FPLX,AMPK_A1B2G1,,,,
"AMPK (alpha 1, beta 2, gamma 2)",FPLX,AMPK_A1B2G2,,,,
"AMPK (alpha 1, beta 2, gamma 3)",FPLX,AMPK_A1B2G3,,,,
"AMPK (alpha 2, beta 1, gamma 1)",FPLX,AMPK_A2B1G1,,,,
"AMPK (alpha 2, beta 1, gamma 2)",FPLX,AMPK_A2B1G2,,,,
"AMPK (alpha 2, beta 1, gamma 3)",FPLX,AMPK_A2B1G3,,,,
"AMPK (alpha 2, beta 2, gamma 1)",FPLX,AMPK_A2B2G1,,,,
"AMPK (alpha 2, beta 2, gamma 2)",FPLX,AMPK_A2B2G2,,,,
"AMPK (alpha 2, beta 2, gamma 3)",FPLX,AMPK_A2B2G3,,,,
"Na(+),K(+)-ATPase",FPLX,Na_K_ATPase,,,,
"Na,K-ATPase beta subunit",FPLX,ATP1B,,,,
"Na,K-ATPase",FPLX,Na_K_ATPase,,,,
(9-1-1) complex,FPLX,9_1_1,,,,
14-3-3 proteins,FPLX,p14_3_3,,,,
14-3-3zeta,UP,P63104,,,,
4E-BP1,UP,Q13541,,,,
4EBP,FPLX,EIF4EBP,,,,
4EBP1,UP,Q13541,,,,
53BP1,UP,Q12888,,,,
9-1-1 complex,FPLX,9_1_1,,,,
9-1-1,FPLX,9_1_1,,,,
a-adrenoreceptor,FPLX,ADRA,,,,
a-cathenin,FPLX,CTNNA,,,,
A2t,FPLX,Annexin_II_heterotetramer,,,,
ABA,PUBCHEM,5280896,CHEBI,CHEBI:2365,,
Abeta,UP,P05067,,,,
Abi1,UP,Q8IZP0,,,,
ABL,FPLX,ABL_family,,,,
Abl,UP,P00519,,,,
AC,MESH,D000230,,,,
AC,UP,Q08828,,,,
ACAD,FPLX,ACAD,,,,
ACC,FPLX,ACC,,,,
ACCs,FPLX,ACC,,,,
Acetate-CoA ligase,FPLX,Acetyl_CoA_synthetase,,,,
acetyl CoA ligase,FPLX,Acetyl_CoA_synthetase,,,,
acetyl CoA synthase,FPLX,Acetyl_CoA_synthetase,,,,
Acetyl Coenzyme A Carboxylase,FPLX,ACC,,,,
Acetyl-CoA carboxylase,FPLX,ACC,,,,
acetyl-CoA carboxylase,FPLX,ACC,,,,
Acetyl-CoA synthetase,FPLX,Acetyl_CoA_synthetase,,,,
acetyl-CoA synthetase,FPLX,Acetyl_CoA_synthetase,,,,
acetyl-coenzyme A synthase,FPLX,Acetyl_CoA_synthetase,,,,
acetylcholine receptor,FPLX,CHRM,,,,
Ack1,UP,Q07912,,,,
ACS,FPLX,Acetyl_CoA_synthetase,,,,
Acsl,FPLX,ACSL,,,,
actin,FPLX,Actin,,,,
actinin,FPLX,ACTN,,,,
Activin A protein,FPLX,Activin_A,,,,
Activin A,FPLX,Activin_A,,,,
activin A,FPLX,Activin_A,,,,
activin AB,FPLX,Activin_AB,,,,
activin protein,FPLX,Activin,,,,
Activin,FPLX,Activin,,,,
activin,FPLX,Activin,,,,
activin-A,FPLX,Activin_A,,,,
activin-B,FPLX,Activin_B,,,,
activinA,FPLX,Activin_A,,,,
activins,FPLX,Activin,,,,
acyl CoA dehydrogenase,FPLX,ACAD,,,,
acyl-CoA dehydrogenase,FPLX,ACAD,,,,
Acyl-CoA Oxidase,FPLX,ACOX,,,,
acyl-CoA oxidases,FPLX,ACOX,,,,
adaptor protein complex 3,FPLX,Adaptor_protein_III,,,,
adenylate cyclase,FPLX,ADCY,,,,
adenylyl cyclase,FPLX,ADCY,,,,
adhesion,GO,GO:0007155,MESH,D002448,,
adiponectin,UP,Q15848,,,,
ADP,CHEBI,CHEBI:16761,,,,
afatinib,PUBCHEM,57519523,LINCS,10133-101,,
AHR,UP,P35869,,,,
AICAR,PUBCHEM,16760280,CHEBI,CHEBI:18406,,
AKT,FPLX,AKT,,,,
Akt,FPLX,AKT,,,,
AKT1,UP,P31749,,,,
Akt1,UP,P31749,,,,
AKT2,UP,P31751,,,,
Akt2,UP,P31751,,,,
alcohol dehydrogenase,FPLX,ADH,,,,
alcohol,PUBCHEM,702,CHEBI,CHEBI:16236,HMDB,HMDB00108
Aldehyde dehydrogenase,FPLX,ALDH,,,,
aldehyde dehydrogenase,FPLX,ALDH,,,,
ALDH,FPLX,ALDH,,,,
ALDO,FPLX,ALDO,,,,
aldosterone,CHEBI,CHEBI:27584,PUBCHEM,5839,,
ALIX,HGNC,PDCD6IP,UP,Q8WUM4,,
ALK,UP,Q9UM73,,,,
alkali myosin light chains,FPLX,MYL_alkali,,,,
alpha catenin,FPLX,CTNNA,,,,
alpha tubulin,FPLX,TUBA,,,,
alpha(2)-adrenoceptors,FPLX,ADRA2,,,,
alpha(2)-ARs,FPLX,ADRA2,,,,
alpha-adrenergic receptor,FPLX,ADRA,,,,
alpha-adrenoreceptor,FPLX,ADRA,,,,
alpha-adrenoreceptors,FPLX,ADRA,,,,
alpha-catenin,FPLX,CTNNA,,,,
alpha1beta1gamma1,FPLX,AMPK_A1B1G1,,,,
alpha1beta1gamma2,FPLX,AMPK_A1B1G2,,,,
alpha1beta1gamma3,FPLX,AMPK_A1B1G3,,,,
alpha1beta2gamma1,FPLX,AMPK_A1B2G1,,,,
alpha1beta2gamma2,FPLX,AMPK_A1B2G2,,,,
alpha2-AR,FPLX,ADRA2,,,,
alpha2beta1gamma1,FPLX,AMPK_A2B1G1,,,,
alpha2beta2gamma1,FPLX,AMPK_A2B2G1,,,,
alpha2beta2gamma2,FPLX,AMPK_A2B2G2,,,,
alpha2beta2gamma3,FPLX,AMPK_A2B2G3,,,,
ALS,UP,P35858,,,,
AM,HGNC,ADM,UP,P35318,,
AM,MESH,D000650,,,,
AMG655,PUBCHEM,9831419,,,,
AMLC,FPLX,MYL_alkali,,,,
AMP,HMDB,HMDB00045,CHEBI,CHEBI:16027,PUBCHEM,6083
AMPA glutamate receptor,FPLX,GRIA,,,,
AMPA receptor,FPLX,GRIA,,,,
AMPA-subtype ionotropic glutamate receptors,FPLX,GRIA,,,,
AMPAR,FPLX,GRIA,,,,
AMPARs,FPLX,GRIA,,,,
AMPK (A1/B1/G1),FPLX,AMPK_A1B1G1,,,,
AMPK (A1/B1/G2),FPLX,AMPK_A1B1G2,,,,
AMPK (A1/B1/G3),FPLX,AMPK_A1B1G3,,,,
AMPK (A1/B2/G1),FPLX,AMPK_A1B2G1,,,,
AMPK (A1/B2/G2),FPLX,AMPK_A1B2G2,,,,
AMPK (A1/B2/G3),FPLX,AMPK_A1B2G3,,,,
AMPK (A2/B1/G1),FPLX,AMPK_A2B1G1,,,,
AMPK (A2/B1/G2),FPLX,AMPK_A2B1G2,,,,
AMPK (A2/B1/G3),FPLX,AMPK_A2B1G3,,,,
AMPK (A2/B2/G1),FPLX,AMPK_A2B2G1,,,,
AMPK (A2/B2/G2),FPLX,AMPK_A2B2G2,,,,
AMPK (A2/B2/G3),FPLX,AMPK_A2B2G3,,,,
AMPK a1b1g1,FPLX,AMPK_A1B1G1,,,,
AMPK a1b1g2,FPLX,AMPK_A1B1G2,,,,
AMPK a1b1g3,FPLX,AMPK_A1B1G3,,,,
AMPK a1b2g1,FPLX,AMPK_A1B2G1,,,,
AMPK a1b2g2,FPLX,AMPK_A1B2G2,,,,
AMPK a2b1g1,FPLX,AMPK_A2B1G1,,,,
AMPK a2b2g1,FPLX,AMPK_A2B2G1,,,,
AMPK a2b2g2,FPLX,AMPK_A2B2G2,,,,
AMPK a2b2g3,FPLX,AMPK_A2B2G3,,,,
AMPK alpha1beta1gamma1,FPLX,AMPK_A1B1G1,,,,
AMPK alpha1beta1gamma2,FPLX,AMPK_A1B1G2,,,,
AMPK alpha1beta1gamma3,FPLX,AMPK_A1B1G3,,,,
AMPK alpha1beta2gamma1,FPLX,AMPK_A1B2G1,,,,
AMPK alpha1beta2gamma2,FPLX,AMPK_A1B2G2,,,,
AMPK alpha1beta2gamma3,FPLX,AMPK_A1B2G3,,,,
AMPK alpha2beta1gamma1,FPLX,AMPK_A2B1G1,,,,
AMPK alpha2beta1gamma2,FPLX,AMPK_A2B1G2,,,,
AMPK alpha2beta1gamma3,FPLX,AMPK_A2B1G3,,,,
AMPK alpha2beta2gamma1,FPLX,AMPK_A2B2G1,,,,
AMPK alpha2beta2gamma2,FPLX,AMPK_A2B2G2,,,,
AMPK alpha2beta2gamma3,FPLX,AMPK_A2B2G3,,,,
AMPK,FPLX,AMPK,,,,
AMPK-alpha1,UP,Q13131,,,,
AMPK-alpha2,UP,P54646,,,,
AMPKalpha,FPLX,AMPK_alpha,,,,
AMPKalpha1 catalytic domain,UP,Q13131,,,,
AMPKalpha1,UP,Q13131,,,,
Ang II,UP,P01019,,,,
AngII,UP,P01019,,,,
angiogenesis,GO,GO:0001525,,,,
annexin A2 heterotetramer,FPLX,Annexin_II_heterotetramer,,,,
annexin II heterotetramer,FPLX,Annexin_II_heterotetramer,,,,
ANXA2 heterotetramer,FPLX,Annexin_II_heterotetramer,,,,
AP-1,FPLX,AP1,,,,
AP-2 transcription factor,FPLX,TFAP2,,,,
AP-3,FPLX,Adaptor_protein_III,,,,
AP1,FPLX,AP1,,,,
AP3,FPLX,Adaptor_protein_III,,,,
Apaf-1,UP,O14727,,,,
APC,UP,P25054,,,,
APC/C,FPLX,APC_C,,,,
apigenin,CHEBI,CHEBI:18388,PUBCHEM,5280443,,
ApoA,FPLX,APOA,,,,
apoA,FPLX,APOA,,,,
apocynin,CHEBI,CHEBI:2781,,,,
apolipoprotein (a),FPLX,APOA,,,,
apolipoprotein A,FPLX,APOA,,,,
apolipoprotein(A),FPLX,APOA,,,,
apolipoprotein(a),FPLX,APOA,,,,
Apolipoprotein,FPLX,Apolipoprotein,,,,
apolipoprotein,FPLX,Apolipoprotein,,,,
apolipoproteins,FPLX,Apolipoprotein,,,,
Apoptosis,GO,GO:0006915,MESH,D017209,,
apoptosis,GO,GO:0006915,MESH,D017209,,
AR,UP,P10275,,,,
ARF,UP,Q8N726,,,,
Arf,UP,Q8N726,,,,
Arp2/3,FPLX,Arp2_3_protein,,,,
Arsenic trioxide,CHEBI,CHEBI:30621,PUBCHEM,518740,,
arsenic,PUBCHEM,5359596,CHEBI,CHEBI:27563,,
arsenite,CHEBI,CHEBI:22633,PUBCHEM,544,,
artemisinin,CHEBI,CHEBI:223316,,,,
ASK1,UP,Q99683,,,,
aspirin,PUBCHEM,2244,,,,
ASPP1,UP,Q96KQ4,,,,
ASPP2,UP,Q13625,,,,
ATF2,UP,P15336,,,,
ATM,UP,Q13315,,,,
ATP synthase H + transporting mitochondrial F0 complex subunit G,FPLX,ATP5G,,,,
ATP synthase,FPLX,ATP_synthase,,,,
ATP,HMDB,HMDB00538,PUBCHEM,5957,CHEBI,CHEBI:15422
ATP1A,FPLX,ATP1A,,,,
ATP1B,FPLX,ATP1B,,,,
ATPase Na+/K+ transporting subunit alpha,FPLX,ATP1A,,,,
ATPase Na+/K+ transporting subunit beta,FPLX,ATP1A,,,,
ATR,UP,Q13535,,,,
ATRA,CHEBI,CHEBI:15367,PUBCHEM,8143163,,
autophagic cell death,GO,GO:0048102,,,,
Autophagy,GO,GO:0006914,,,,
autophagy,GO,GO:0006914,MESH,D001343,,
Axin,FPLX,AXIN,,,,
AZD6244,CHEBI,CHEBI:90227,PUBCHEM,10127622,,
b-adrenergic receptor,FPLX,ADRB,,,,
b-arrestin,FPLX,ARRB,,,,
B-Raf,UP,P15056,,,,
b-receptors,FPLX,ADRB,,,,
B1,UP,O43157,,,,
B1,UP,P14635,,,,
BAD,UP,Q92934,,,,
Bad,UP,Q92934,,,,
Bak,UP,Q16611,,,,
Bam32,UP,Q9UN19,,,,
BARK,FPLX,ADRBK,,,,
barrestins,FPLX,ARRB,,,,
BAX,UP,Q07812,,,,
Bax,UP,Q07812,,,,
BCKDC,FPLX,BCKDC,,,,
BCKDH,FPLX,BCKDC,,,,
BCL-2,UP,P10415,,,,
Bcl-2,UP,P10415,,,,
bcl-2,UP,P10415,,,,
Bcl-3,HGNC,BCL3,,,,
Bcl-xL,UP,Q07817,,,,
BCL2,UP,P10415,,,,
Bcl2,UP,P10415,,,,
BCR,UP,P11274,,,,
Beclin-1,UP,Q14457,,,,
berberine,CHEBI,CHEBI:16118,PUBCHEM,2353,,
beta adrenergic receptor kinase,FPLX,ADRBK,,,,
beta interferons,FPLX,IFNB,,,,
beta-adrenergic receptor,FPLX,ADRB,,,,
beta-adrenoreceptor,FPLX,ADRB,,,,
beta-catenin,UP,P35222,,,,
betaAR,FPLX,ADRB,,,,
betaARK,FPLX,ADRBK,,,,
BEZ235,PUBCHEM,49803145,CHEBI,CHEBI:71952,,
bFGF,UP,P09038,,,,
Bid,UP,P55957,,,,
BIM,UP,O43521,,,,
Bim,UP,O43521,,,,
biosynthesis,GO,GO:0009058,,,,
BIRs,FPLX,BIRC,,,,
BITC,PUBCHEM,2346,CHEBI,CHEBI:17484,,
BMF,UP,Q96LC9,,,,
BMI1,UP,P35226,,,,
BMP Receptor Type I,FPLX,BMP_receptor_type_I,,,,
BMP Receptor Type II,FPLX,BMP_receptor_type_II,,,,
BMP type I receptor,FPLX,BMP_receptor_type_I,,,,
BMP type II receptor,FPLX,BMP_receptor_type_II,,,,
BMP,FPLX,BMP,,,,
BMP9,UP,Q9UK05,,,,
bone morphogenetic protein receptor 1,FPLX,BMP_receptor_type_I,,,,
bone morphogenetic protein receptor 2,FPLX,BMP_receptor_type_II,,,,
bone morphogenetic protein receptor type I,FPLX,BMP_receptor_type_I,,,,
bone morphogenetic protein receptor type II,FPLX,BMP_receptor_type_II,,,,
bone morphogenetic protein type I receptors,FPLX,BMP_receptor_type_I,,,,
bone morphogenetic protein type II receptors,FPLX,BMP_receptor_type_II,,,,
bortezomib,CHEBI,CHEBI:52717,PUBCHEM,387447,,
BPA,CHEBI,CHEBI:33216,PUBCHEM,6623,,
BRAF,UP,P15056,,,,
branched-chain alpha-keto acid dehydrogenase complex,FPLX,BCKDC,,,,
branched-chain alpha-ketoacid dehydrogenase complex,FPLX,BCKDC,,,,
BRCA,FPLX,BRCA,,,,
BRCA1,UP,P38398,,,,
BRCA2,UP,P51587,,,,
BRI,FPLX,BMP_receptor_type_I,,,,
BRII,FPLX,BMP_receptor_type_II,,,,
BRSK1,UP,Q8TDC3,,,,
BRSK2,UP,Q8IWQ3,,,,
Bub1,UP,O43683,,,,
BubR1,UP,O60566,,,,
butein,CHEBI,CHEBI:3237,PUBCHEM,5281222,,
c-Abl Kinase,UP,P00519,,,,
c-Abl,UP,P00519,,,,
c-Cbl protein,UP,P22681,,,,
c-Cbl,UP,P22681,,,,
c-FLIP,UP,O15519,,,,
c-Fos,UP,P01100,,,,
c-fos,UP,P01100,,,,
c-JNK,FPLX,JNK,,,,
c-Jun N-terminal kinase,FPLX,JNK,,,,
c-Jun NH2-terminal kinase,FPLX,JNK,,,,
c-Jun,UP,P05412,,,,
c-jun,UP,P05412,,,,
C-MAF,UP,O75444,,,,
c-MAF,UP,O75444,,,,
c-Maf,UP,O75444,,,,
c-maf,UP,O75444,,,,
c-Met,UP,P08581,,,,
c-Myb,UP,P10242,,,,
c-myc oncogene,UP,P01106,,,,
c-myc proteins,UP,P01106,,,,
c-MYC,UP,P01106,,,,
c-Myc,UP,P01106,,,,
c-myc,UP,P01106,,,,
C-PARP,UP,P09874,,,,
c-Raf,UP,P04049,,,,
c-Rel,HGNC,REL,,,,
c-Src,UP,P12931,,,,
C/EBP,FPLX,CEBP,,,,
C/EBPalpha,UP,P49715,,,,
C/EBPbeta,UP,P17676,,,,
c1 complex,FPLX,C1,,,,
C1,FPLX,C1,,,,
C1-complex,FPLX,C1,,,,
C1q,FPLX,C1q,,,,
Ca(2+)-calmodulin-dependent protein kinase II,FPLX,CAMK2_complex,,,,
Ca(2+)/calmodulin-dependent kinase II,FPLX,CAMK2_complex,,,,
Ca,HMDB,HMDB00464,CHEBI,CHEBI:29108,PUBCHEM,271
cadherin,FPLX,Cadherin,,,,
caffeine,PUBCHEM,2519,CHEBI,CHEBI:27732,,
Calcineurin catalytic subunit,FPLX,PPP3C,,,,
Calcineurin regulatory subunit,FPLX,PPP3R,,,,
calcineurin,FPLX,PPP3,,,,
calcium,HMDB,HMDB00464,CHEBI,CHEBI:29108,PUBCHEM,271
Calmodulin,FPLX,CALM,,,,
calmodulin,FPLX,CALM,,,,
calmodulindependent kinase II,FPLX,CAMK2_family,,,,
calpain,FPLX,CAPN,,,,
CaM kinase II,FPLX,CAMK2_complex,,,,
CaM,FPLX,CALM,,,,
CaMK II,FPLX,CAMK2_complex,,,,
CaMK,FPLX,CAMK,,,,
CAMK2,FPLX,CAMK2_family,,,,
CaMK2,FPLX,CAMK2_family,,,,
CaMKII,FPLX,CAMK2_complex,,,,
CAMKII,FPLX,CAMK2_family,,,,
cAMP,PUBCHEM,6076,CHEBI,CHEBI:17489,HMDB,HMDB00058
cAMP-dependent PK,FPLX,PKA,,,,
cAMP-dependent protein kinase,FPLX,PKA,,,,
CaN,FPLX,PPP3,,,,
CAP23,UP,P80723,,,,
CAPE,PUBCHEM,5281787,CHEBI,CHEBI:8062,,
capsaicin,PUBCHEM,1548943,CHEBI,CHEBI:3374,,
carboxylesterase,FPLX,Carboxylesterase,,,,
carboxylesterases,FPLX,Carboxylesterase,,,,
CARP-1,UP,Q8IX12,,,,
Cas,UP,P56945,,,,
Casein kinase 1,FPLX,CSNK1,,,,
casein kinase 1,FPLX,CSNK1,,,,
casein kinase 2,FPLX,CK2,,,,
casein kinase I,FPLX,CSNK1,,,,
casein kinase II complex,FPLX,CK2,,,,
casein kinase II,FPLX,CK2,,,,
caspase 3,UP,P42574,,,,
caspase 8,UP,Q14790,,,,
caspase,FPLX,Caspase,,,,
caspase-1,UP,P29466,,,,
Caspase-3,UP,P42574,,,,
caspase-3,UP,P42574,,,,
caspase-3/7,FPLX,Caspase_3_7,,,,
caspase-8,UP,Q14790,,,,
caspase-9,UP,P55211,,,,
caspases,FPLX,Caspase,,,,
catalase,UP,P04040,,,,
catalytic subunit of calcineurin,FPLX,PPP3C,,,,
catenin alpha,FPLX,CTNNA,,,,
Caveolin,FPLX,CAV,,,,
caveolin,FPLX,CAV,,,,
caveolin-1,UP,Q03135,,,,
CBF3 complex,FPLX,CBF3,,,,
CBF3,FPLX,CBF3,,,,
Cbl,UP,P22681,,,,
Cbl-b,UP,Q13191,,,,
CBP,UP,Q92793,,,,
Cby,UP,Q9Y3M2,,,,
CCAAT/enhancer binding protein,FPLX,CEBP,,,,
CCN2,UP,P29279,,,,
CCND1,UP,P24385,,,,
CCT complex,FPLX,CCT_complex,,,,
CCT,FPLX,CCT_complex,,,,
Cd,PUBCHEM,23973,CHEBI,CHEBI:22977,,
CD16,FPLX,CD16,,,,
CD24,UP,P25063,,,,
CD28,UP,P10747,,,,
CD3,FPLX,CD3,,,,
CD32,FPLX,CD32,,,,
CD4,UP,P01730,,,,
CD44,UP,P16070,,,,
CD64,FPLX,CD64,,,,
CD8,FPLX,CD8,,,,
CD95,UP,P25445,,,,
Cdc20,UP,Q12834,,,,
Cdc25 phosphatases,FPLX,CDC25,,,,
CDC25,FPLX,CDC25,,,,
Cdc25,FPLX,CDC25,,,,
CDC42,UP,P60953,,,,
Cdc42,UP,P60953,,,,
Cdc6,UP,Q99741,,,,
CDDP,CHEBI,CHEBI:27899,PUBCHEM,441203,,
CDK,FPLX,CDK,,,,
Cdk,FPLX,CDK,,,,
CDK1,UP,P06493,,,,
Cdk1,UP,P06493,,,,
CDK2,UP,P24941,,,,
Cdk2,UP,P24941,,,,
cdk2,UP,P24941,,,,
CDK4,UP,P11802,,,,
Cdk4,UP,P11802,,,,
CDK6,UP,Q00534,,,,
CDK8,UP,P49336,,,,
CDK9,UP,P50750,,,,
CDKN,FPLX,CDKN,,,,
CDKN1,FPLX,CDKN1,,,,
CDKN1A,UP,P38936,,,,
CDKN2,FPLX,CDKN2,,,,
CDKs,FPLX,CDK,,,,
celecoxib,PUBCHEM,2662,CHEBI,CHEBI:41423,,
cell adhesion,GO,GO:0007155,MESH,D002448,,
cell cycle,GO,GO:0007049,MESH,D002453,,
cell death,GO,GO:0008219,MESH,D016923,,
cell growth,GO,GO:0016049,MESH,D048708,,
cell migration,GO,GO:0016477,MESH,D002465,,
cell motility,GO,GO:0016477,MESH,D002465,,
cell proliferation,GO,GO:0008283,MESH,D049109,,
cell survival,MESH,D002470,,,,
cell viability,MESH,D002470,,,,
cellular senescence,GO,GO:0090398,MESH,D016922,,
ceramide,CHEBI,CHEBI:17761,,,,
cetuximab,CHEMBL,1201577,,,,
CFM-4,PUBCHEM,2871439,,,,
chaperonin containing TCP-1,FPLX,CCT_complex,,,,
chaperonin,FPLX,CCT_complex,,,,
chaperonin-containing t-complex polypeptide 1,FPLX,CCT_complex,,,,
chaperonin-containing TCP1 complex,FPLX,CCT_complex,,,,
checkpoint kinase,FPLX,CHEK,,,,
chemoattractant receptor,FPLX,Chemokine_receptor,,,,
chemokine,FPLX,Chemokine,,,,
chemokines,FPLX,Chemokine,,,,
CHIP,UP,Q9UNE7,,,,
CHK1,UP,O14757,,,,
Chk1,UP,O14757,,,,
CHK2,UP,O96017,,,,
Chk2,UP,O96017,,,,
cholesterol,CHEBI,CHEBI:16113,PUBCHEM,5997,,
choline esterase,FPLX,Cholinesterase,,,,
cholineseterase,FPLX,Cholinesterase,,,,
CHOP,UP,P35638,,,,
CIP1,UP,P38936,,,,
CIP2A,UP,Q8TCG1,,,,
Cisplatin,CHEBI,CHEBI:27899,PUBCHEM,441203,,
cisplatin,CHEBI,CHEBI:27899,PUBCHEM,441203,,
CK2,FPLX,CK2,,,,
CKI,FPLX,CDKN,,,,
Clade B serpin,FPLX,SERPINB,,,,
clade B serpins,FPLX,SERPINB,,,,
Class 1 NF-kappaBs,FPLX,NFkappaB_1,,,,
class 1 NF-kappaBs,FPLX,NFkappaB_1,,,,
Class 2 NF-kappaBs,FPLX,NFkappaB_2,,,,
class 2 NF-kappaBs,FPLX,NFkappaB_2,,,,
Class I HDACs,FPLX,HDAC_I,,,,
class I HDACs,FPLX,HDAC_I,,,,
class I histone deacetylases,FPLX,HDAC_I,,,,
Class I NF-kappaBs,FPLX,NFkappaB_1,,,,
class I NF-kappaBs,FPLX,NFkappaB_1,,,,
class II HDACs,FPLX,HDAC_II,,,,
class II histone deacetylases,FPLX,HDAC_II,,,,
Class II NF-kappaBs,FPLX,NFkappaB_2,,,,
class II NF-kappaBs,FPLX,NFkappaB_2,,,,
Class III HDACs,FPLX,HDAC_III,,,,
class III HDACs,FPLX,HDAC_III,,,,
class III histone deacetylases,FPLX,HDAC_III,,,,
Class IV HDACs,FPLX,HDAC_IV,,,,
class IV HDACs,FPLX,HDAC_IV,,,,
class IV histone deacetylases,FPLX,HDAC_IV,,,,
clathrin,FPLX,Clathrin,,,,
cleaved PARP,UP,P09874,,,,
cMet receptor,UP,P08581,,,,
CNKSR,FPLX,CNKSR,,,,
CO 2,CHEBI,CHEBI:16526,PUBCHEM,280,,
CO,CHEBI,CHEBI:17245,PUBCHEM,281,,
cocaine,PUBCHEM,446220,CHEBI,CHEBI:27958,,
cofilin,FPLX,Cofilin,,,,
cohesin complex,FPLX,Cohesin,,,,
cohesin,FPLX,Cohesin,,,,
Col4,FPLX,COL4,,,,
ColIV,FPLX,COL4,,,,
collagen IV,FPLX,COL4,,,,
collagen type I,FPLX,COL1,,,,
Collagen Type IV,FPLX,COL4,,,,
collagen,MESH,D003094,CHEBI,CHEBI:3815,,
complex II,FPLX,ETC_complex_II,,,,
complex III,FPLX,ETC_complex_III,,,,
Complex IV,FPLX,COX,,,,
connector enhancer of kinase suppressor of ras,FPLX,CNKSR,,,,
copper,CHEBI,CHEBI:29036,PUBCHEM,8145483,,
cortactin,IP,IPR015503,UP,Q14247,,
COX-2,UP,P35354,,,,
Cox4,FPLX,COX4,,,,
COX6A,FPLX,COX6A,,,,
Cox6a,FPLX,COX6A,,,,
Cox6b,FPLX,COX6B,,,,
COX7A,FPLX,COX7A,,,,
Cox7a,FPLX,COX7A,,,,
Cox7b,FPLX,COX7B,,,,
Cox8,FPLX,COX8,,,,
cPARP,UP,P09874,,,,
cPLA2,FPLX,PLA2,,,,
CRAF,UP,P04049,,,,
CREB,FPLX,CREB,,,,
CRISP,FPLX,CRISP,,,,
CRISPs,FPLX,CRISP,,,,
Crk,UP,P46108,,,,
CRSP complex,FPLX,CRSP,,,,
CRSP,FPLX,CRSP,,,,
CRSP/Med complex,FPLX,CRSP,,,,
CsA,PUBCHEM,5284373,CHEBI,CHEBI:4031,,
CSC,MESH,D014411,,,,
CSF-1R,UP,P07333,,,,
CSNK1,FPLX,CSNK1,,,,
CSNK2,FPLX,CSNK2,,,,
CtIP,UP,Q99708,,,,
cTnC,FPLX,Troponin_C,,,,
cTnI,FPLX,Troponin_C,,,,
cTnT,FPLX,Troponin_T,,,,
cullin proteins,FPLX,CUL,,,,
cullin,FPLX,CUL,,,,
cullins,FPLX,CUL,,,,
Curcumin,CHEBI,CHEBI:3962,PUBCHEM,969516,,
curcumin,CHEBI,CHEBI:3962,PUBCHEM,969516,,
CXCL12,UP,P48061,,,,
CXCL8,UP,P10145,,,,
CXCR2,UP,P25025,,,,
CXCR4,UP,P61073,,,,
cyclic AMP-dependent protein kinase,FPLX,PKA,,,,
cyclic-AMP-dependent protein kinase,FPLX,PKA,,,,
Cyclin A,FPLX,Cyclin_A,,,,
cyclin A,FPLX,Cyclin_A,,,,
Cyclin D,FPLX,Cyclin_D,,,,
Cyclin D2,UP,P30279,,,,
cyclin D2,UP,P30279,,,,
cyclin dependent kinase inhibitors,FPLX,CDKN,,,,
cyclin E,FPLX,Cyclin_E,,,,
Cyclin,FPLX,Cyclin,,,,
cyclin,FPLX,Cyclin,,,,
Cyclin-A,FPLX,Cyclin_A,,,,
cyclin-dependent kinase inhibitor,FPLX,CDKN,,,,
cyclin-dependent protein kinase inhibitors,FPLX,CDKN,,,,
cyclins,FPLX,Cyclin,,,,
cyclophilin,FPLX,Cyclophilin,,,,
cyclophilins,FPLX,Cyclophilin,,,,
CYLD,UP,Q9NQC7,,,,
cypermethrin,CHEBI,CHEBI:4042,,,,
cysteine rich secretory proteins,FPLX,CRISP,,,,
cysteine-rich secretory proteins,FPLX,CRISP,,,,
cytochrome bc1 complex,FPLX,ETC_complex_III,,,,
Cytochrome c oxidase subunit 6a,FPLX,COX6A,,,,
cytochrome c oxidase subunit VIII,FPLX,COX8,,,,
cytochrome c oxidase,FPLX,COX,,,,
cytochrome C,UP,P99999,,,,
cytochrome c,UP,P99999,,,,
cytokine production,GO,GO:0001816,,,,
cytoplasmic dynein,FPLX,Cytoplasmic_dynein,,,,
cytosolic phospholipase A(2),FPLX,PLA2,,,,
cytosolic phospholipase A2,FPLX,PLA2,,,,
cytosolic PLA2,FPLX,PLA2,,,,
DA,PUBCHEM,681,CHEBI,CHEBI:18243,,
dabrafenib,PUBCHEM,44462760,CHEBI,CHEBI:75045,,
DAG kinase,FPLX,DGK,,,,
DAG,PUBCHEM,6026790,CHEBI,CHEBI:85682,,
damage,MESH,D004249,,,,
Danusertib,PUBCHEM,11442891,CHEMBL,CHEMBL402548,,
danusertib,PUBCHEM,11442891,CHEMBL,CHEMBL402548,,
dapagliflozin,CHEBI,CHEBI:85078,PUBCHEM,9887712,,
dasatinib,CHEBI,CHEBI:49375,PUBCHEM,3062316,,
DDR,GO,GO:0042769,,,,
death receptor,FPLX,Death_receptor,,,,
death receptors,FPLX,Death_receptor,,,,
death,GO,GO:0008219,MESH,D016923,,
delta-tubulin,HGNC,TUBD1,,,,
desmoglein,FPLX,Desmoglein,,,,
desmogleins,FPLX,Desmoglein,,,,
dexamethasone,PUBCHEM,5743,CHEBI,CHEBI:41879,,
DGC,FPLX,DGC,,,,
DGK,FPLX,DGK,,,,
DHA,CHEBI,CHEBI:207229,PUBCHEM,86574136,,
DHT,PUBCHEM,10635,CHEBI,CHEBI:2150,,
diacyl glycerol kinase,FPLX,DGK,,,,
differentiation,GO,GO:0030154,MESH,D002454,,
diosmetin,CHEBI,CHEBI:4630,PUBCHEM,22396004,,
discoidin domain receptor family,FPLX,DDR,,,,
discoidin domain receptors,FPLX,DDR,,,,
discoidin domain-containing receptor,FPLX,DDR,,,,
dishevelled,FPLX,DVL,,,,
DNA polymerase delta,FPLX,DNA_polymerase_delta,,,,
DNA repair,GO,GO:0006281,MESH,D004260,,
DNA replication factor C complex,FPLX,RFC,,,,
DNA-PKcs,UP,P78527,,,,
DNA-Pkcs,UP,P78527,,,,
docetaxel,PUBCHEM,148124,CHEBI,CHEBI:4672,,
Dok1,UP,Q99704,,,,
Dok2,UP,O60496,,,,
dopamine receptor,FPLX,DRD,,,,
dopamine receptors,FPLX,DRD,,,,
dopamine,PUBCHEM,681,CHEBI,CHEBI:18243,,
doxorubicin,CHEBI,CHEBI:28748,PUBCHEM,31703,,
doxycycline,PUBCHEM,54671203,CHEBI,CHEBI:50845,,
DP complex,FPLX,TFDP,,,,
DR4,UP,O00220,,,,
DR5,UP,O14763,,,,
DSB,MESH,D053903,,,,
DUSP,FPLX,DUSP,,,,
DUSP1,UP,P28562,,,,
Dvl,FPLX,DVL,,,,
dynamin family,FPLX,DNM,,,,
dynamin,FPLX,DNM,,,,
dystrophin glycoprotein complex,FPLX,DGC,,,,
dystrophin-associated glycoprotein complex,FPLX,DGC,,,,
dystrophin-glycoprotein complex,FPLX,DGC,,,,
E-cadherin,UP,P12830,,,,
E2 enzyme,FPLX,UBE2,,,,
E2 ubiquitin-conjugating enzyme,FPLX,UBE2,,,,
E2,FPLX,UBE2,,,,
E2,UP,P27958,,,,
E2F,FPLX,E2F,,,,
E2F-1,UP,Q01094,,,,
E2F1,UP,Q01094,,,,
E3,FPLX,E3_Ub_ligase,,,,
E3 ubiquitin ligase,FPLX,E3_Ub_ligase,,,,
E6,UP,P03126,,,,
E7,UP,P03129,,,,
early growth response proteins,FPLX,EGR,,,,
EBNA3C,UP,I1YP21,,,,
ECM,GO,GO:0031012,,,,
Ect2,UP,Q9H8V3,,,,
EGCG,PUBCHEM,65064,CHEBI,CHEBI:4806,,
EGF receptor,UP,P00533,,,,
EGF,UP,P01133,,,,
EGFR ligands,FPLX,EGFR_ligand,,,,
EGFR,UP,P00533,,,,
EGFRvIII,UP,P00533,,,,
EGR,FPLX,EGR,,,,
eIF2alpha,UP,P05198,,,,
EIF2B,FPLX,EIF2B,,,,
eIF2B,FPLX,EIF2B,,,,
eIF4A,FPLX,EIF4A,,,,
eIF4E,UP,P06730,,,,
eIF4G,FPLX,EIF4G,,,,
elastase,FPLX,ELA,,,,
Elk-1,UP,P19419,,,,
Elk1,UP,P19419,,,,
ELMO1,UP,Q92556,,,,
ELR (+) CXC chemokines,FPLX,CXCL_ELR_positive,,,,
ELR (-) CXC chemokines,FPLX,CXCL_ELR_negative,,,,
ELR-negative CXC chemokine,FPLX,CXCL_ELR_negative,,,,
ELR-negative CXC family,FPLX,CXCL_ELR_negative,,,,
ELR-positive CXC chemokine,FPLX,CXCL_ELR_positive,,,,
ELR-positive CXC family,FPLX,CXCL_ELR_positive,,,,
embelin,CHEBI,CHEBI:4778,PUBCHEM,3218,,
emodin,PUBCHEM,3220,CHEBI,CHEBI:42223,,
EMT,GO,GO:0001837,MESH,D058750,,
endocytosis,GO,GO:0006897,MESH,D004705,,
endothelin,FPLX,EDN,,,,
endothelins,FPLX,EDN,,,,
enolase,FPLX,ENO,,,,
eNOS,UP,P29474,,,,
Env,UP,U3LIR9,,,,
Eph receptor,FPLX,Ephrin_receptor,,,,
Eph receptors,FPLX,Ephrin_receptor,,,,
EphA2,UP,P29317,,,,
EphB1,UP,P54762,,,,
ephrin receptor,FPLX,Ephrin_receptor,,,,
epidermal growth factor receptor,UP,P00533,,,,
epidermal growth factor,UP,P01133,,,,
Eps8,UP,Q12929,,,,
epsilon-tubulin,HGNC,TUBE1,,,,
epsin,FPLX,EPN,,,,
epsins,FPLX,EPN,,,,
ER,FPLX,ESR,,,,
ER,MESH,D004721,GO,GO:0005783,,
ER,UP,P03372,,,,
ERalpha,UP,P03372,,,,
ErbB,FPLX,ERBB,,,,
ERBB2,UP,P04626,,,,
ErbB2,UP,P04626,,,,
ErbB3,UP,P21860,,,,
ERK 1/2,FPLX,ERK,,,,
ERK inhibitors,CHEBI,CHEBI:79091,,,,
ERK,FPLX,ERK,,,,
Erk,FPLX,ERK,,,,
ERK1,UP,P27361,,,,
Erk1,UP,P27361,,,,
ERK1/2,FPLX,ERK,,,,
Erk1/2,FPLX,ERK,,,,
ERK2,UP,P28482,,,,
ERK5,UP,Q13164,,,,
ERKs,FPLX,ERK,,,,
erlotinib,PUBCHEM,176870,CHEBI,CHEBI:114785,,
ESR,FPLX,ESR,,,,
estradiol,CHEBI,CHEBI:23965,PUBCHEM,5757,,
estrogen receptor,UP,P03372,,,,
estrogen,CHEBI,CHEBI:50114,,,,
ET-1,UP,P05305,,,,
ethanol,PUBCHEM,702,CHEBI,CHEBI:16236,HMDB,HMDB00108
etoposide,PUBCHEM,36462,CHEBI,CHEBI:4911,,
ETS,FPLX,ETS,,,,
ETS-1,UP,P14921,,,,
Ets-1,UP,P14921,,,,
ETS1,UP,P14921,,,,
eukaryotic initiation factor 4E,UP,P06730,,,,
eukaryotic initiation factor-4A,FPLX,EIF4A,,,,
Everolimus,PUBCHEM,6442177,CHEBI,CHEBI:68478,,
everolimus,PUBCHEM,6442177,CHEBI,CHEBI:68478,,
EXOC,FPLX,EXOC,,,,
exocyst complex,FPLX,EXOC,,,,
exocyst,FPLX,EXOC,,,,
Extracellular Signal Regulated Kinase,FPLX,ERK,,,,
extracellular signal-regulated kinase,FPLX,ERK,,,,
EZH2,UP,Q15910,,,,
ezrin,UP,P15311,,,,
F-actin,FPLX,F_actin,,,,
FADD,UP,Q13158,,,,
FAK,UP,Q05397,,,,
FAM83B,UP,Q5T0W9,,,,
FANC proteins,FPLX,FANC,,,,
FANC,FPLX,FANC,,,,
FANCJ,UP,Q9BX63,,,,
farnesyltransferase,FPLX,FNT,,,,
Fas,UP,P25445,,,,
FasL,UP,P48023,,,,
FGF,FPLX,FGF,,,,
FGF-2,UP,P09038,,,,
FGF2,UP,P09038,,,,
FGFR,FPLX,FGFR,,,,
FGFR1,UP,P11362,,,,
FGFR2,UP,P21802,,,,
FGFR3,UP,P22607,,,,
FGFR4,UP,P22455,,,,
fibrinogen,FPLX,Fibrinogen,,,,
fibronectin,UP,P02751,,,,
fisetin,CHEBI,CHEBI:42567,,,,
Flip,UP,O15519,,,,
flotillin,FPLX,FLOT,,,,
FLRT family,FPLX,FLRT,,,,
Flrt family,FPLX,FLRT,,,,
FLRT proteins,FPLX,FLRT,,,,
FLT3,UP,P36888,,,,
FN,UP,P02751,,,,
follicle-stimulating hormone,FPLX,FSH,,,,
FOS,FPLX,FOS_family,,,,
Fos,FPLX,FOS_family,,,,
FOXM1,UP,Q08050,,,,
FOXO,FPLX,FOXO,,,,
FoxO,FPLX,FOXO,,,,
FOXO1,UP,Q12778,,,,
FoxO1,UP,Q12778,,,,
FOXO3,UP,O43524,,,,
FOXO3a,UP,O43524,,,,
FoxO3a,UP,O43524,,,,
FRK,UP,P42685,,,,
fructose-bisphosphate aldolase,FPLX,ALDO,,,,
FSH,FPLX,FSH,,,,
FTase,FPLX,FNT,,,,
FTS,PUBCHEM,5469318,,,,
Fyn,UP,P06241,,,,
Fz,FPLX,FZD,,,,
G 1,GO,GO:0051318,MESH,D016193,,
G 2,MESH,D016195,,,,
G alphai,FPLX,G_i_alpha,,,,
G alphaq,FPLX,G_q_alpha,,,,
G alphaS,FPLX,G_s_alpha,,,,
G protein beta,FPLX,G_beta,,,,
G protein gamma subunit,FPLX,G_gamma,,,,
G protein gamma,FPLX,G_gamma,,,,
G protein Gs,FPLX,G_s,,,,
G protein(s),FPLX,G_s,,,,
G protein,FPLX,G_protein,,,,
G protein-coupled receptor kinases,FPLX,GRK,,,,
G proteins,FPLX,G_protein,,,,
G S protein,FPLX,G_s,,,,
G(12),FPLX,G_12,,,,
G(q/11),FPLX,G_q,,,,
G-alpha(s),FPLX,G_s_alpha,,,,
G-AlphaS,FPLX,G_s_alpha,,,,
G-protein alpha-12,FPLX,G_12_alpha,,,,
G-Protein alpha-i,FPLX,G_i_alpha,,,,
G-Protein alpha-q,FPLX,G_q_alpha,,,,
G-Protein alpha-s,FPLX,G_s_alpha,,,,
G-protein beta,FPLX,G_beta,,,,
G12 family,FPLX,G_12,,,,
G12 proteins,FPLX,G_12,,,,
G12,FPLX,G_12,,,,
GA,PUBCHEM,370,CHEBI,CHEBI:30778,,
Ga12,FPLX,G_12_alpha,,,,
Gab1,UP,Q13480,,,,
Gab2,UP,Q9UQC2,,,,
GABA receptor,FPLX,GABR,,,,
GABA receptors,FPLX,GABR,,,,
Galpha12,FPLX,G_12_alpha,,,,
Galphai,FPLX,G_i_alpha,,,,
Galphaq,FPLX,G_q_alpha,,,,
GalphaS,FPLX,G_s_alpha,,,,
gamma secretase,FPLX,Gamma_secretase,,,,
Gamma tubulin,FPLX,TUBG,,,,
gamma-aminobutyric-acid A receptor,FPLX,GABR,,,,
gamma-tubulin,FPLX,TUBG,,,,
GAP,FPLX,GAP,,,,
Gas6 receptors,FPLX,GAS6_receptor,,,,
gastrin,UP,P01350,,,,
GATA family,FPLX,GATA,,,,
GATA,FPLX,GATA,,,,
Gbeta,FPLX,G_beta,,,,
GDF15,UP,Q99988,,,,
GDP,HMDB,HMDB01201,PUBCHEM,8977,CHEBI,CHEBI:17552
GEF,FPLX,GEF,,,,
GEF-H1,UP,Q92974,,,,
gefitinib,PUBCHEM,123631,CHEBI,CHEBI:49668,,
GEFs,FPLX,GEF,,,,
general transcription factor II E,FPLX,GTF2E,,,,
general transcription factor II F,FPLX,GTF2F,,,,
genistein,CHEBI,CHEBI:28088,PUBCHEM,5280961,,
Gi alpha subunit,FPLX,G_i_alpha,,,,
Gi alpha,FPLX,G_i_alpha,,,,
Gi protein,FPLX,G_i,,,,
Gi,FPLX,G_i,,,,
GII PLA2,FPLX,PLA2G2,,,,
GIIPLA2,FPLX,PLA2G2,,,,
gIV-PLA(2),FPLX,PLA2G4,,,,
glucose transporters,FPLX,SLC2A,,,,
Glucose,HMDB,HMDB00122,,,,
glucose,HMDB,HMDB00122,,,,
GLUT,FPLX,SLC2A,,,,
glutamate metabotropic receptors,FPLX,GRM,,,,
glutathione peroxidase,FPLX,GPX,,,,
glutathione S-transferase,FPLX,GST,,,,
glutathione,PUBCHEM,124886,CHEBI,CHEBI:16856,HMDB,HMDB00125
glycogen synthase,FPLX,GYS,,,,
glycolysis,GO,GO:0006096,MESH,D006019,,
glycoprotein Ib-V-IX complex,FPLX,GPIb_IX_V,,,,
Glycoprotein Ib-V-IX,FPLX,GPIb_IX_V,,,,
Glycoprotein Ib/V/IX,FPLX,GPIb_IX_V,,,,
glycosylphosphatidylinositol transamidase complex,FPLX,GPIT,,,,
gp120,UP,P04578,,,,
gp47 phox,UP,P14598,,,,
gp91 phox,UP,P04839,,,,
GPCR kinases,FPLX,GRK,,,,
GPCR,FPLX,GPCR,,,,
GPCRs,FPLX,GPCR,,,,
GPI transamidase complex,FPLX,GPIT,,,,
GPIb-IX-V complex,FPLX,GPIb_IX_V,,,,
GPIb-IX-V,FPLX,GPIb_IX_V,,,,
GpIb-V-IX,FPLX,GPIb_IX_V,,,,
GPIT complex,FPLX,GPIT,,,,
GPIT,FPLX,GPIT,,,,
Gq alpha subunit,FPLX,G_q_alpha,,,,
Gq alpha,FPLX,G_q_alpha,,,,
Gq/11,FPLX,G_q,,,,
GR,UP,P00390,,,,
GRB2,UP,P62993,,,,
Grb2,UP,P62993,,,,
GRKs,FPLX,GRK,,,,
group IV-PLA(2),FPLX,PLA2G4,,,,
GRP78,UP,P11021,,,,
Gs alpha subunit,FPLX,G_s_alpha,,,,
Gs alpha,FPLX,G_s_alpha,,,,
Gs family,FPLX,G_s,,,,
Gs protein,FPLX,G_s,,,,
GSH,PUBCHEM,124886,CHEBI,CHEBI:16856,HMDB,HMDB00125
GSK-3,FPLX,GSK3,,,,
GSK-3beta,UP,P49841,,,,
GSK3,FPLX,GSK3,,,,
GSK3beta,UP,P49841,,,,
GST,FPLX,GST,,,,
GSTs,FPLX,GST,,,,
GTP,HMDB,HMDB01273,CHEBI,CHEBI:15996,PUBCHEM,6830
GTPase,FPLX,GTPase,,,,
GTPase-activating proteins,FPLX,GAP,,,,
guanine,PUBCHEM,764,CHEBI,CHEBI:16235,,
guanylate cyclase,FPLX,GUCY,,,,
guanylyl cyclase,FPLX,GUCY,,,,
G_alpha,FPLX,G_alpha,,,,
H-Ras,UP,P01112,,,,
H/R,MESH,D015687,,,,
H2AX,UP,P16104,,,,
H2B,FPLX,Histone_H2B,,,,
H3,FPLX,Histone_H3,,,,
h9-1-1 complex,FPLX,9_1_1,,,,
haem oxygenase,FPLX,HMOX,,,,
hAxin,FPLX,AXIN,,,,
HB-EGF,UP,Q99075,,,,
HBx,UP,Q157B2,,,,
hCG,FPLX,hCG,,,,
HDAC inhibitor,PUBCHEM,10460379,,,,
HDAC,FPLX,HDAC,,,,
HDAC1,UP,Q13547,,,,
HDAC2,UP,Q92769,,,,
HDAC3,UP,O15379,,,,
HDACi,PUBCHEM,10460379,,,,
HDL,FPLX,HDL,,,,
HDM2,UP,Q00987,,,,
Heat Shock Protein 70,FPLX,HSPA,,,,
heat shock protein family B,FPLX,HSPB,,,,
hedgehog protein,FPLX,Hedgehog,,,,
hedgehog signaling proteins,FPLX,Hedgehog,,,,
Hedgehog,FPLX,Hedgehog,,,,
heme oxygenase,FPLX,HMOX,,,,
hemoglobin,FPLX,Hemoglobin,,,,
HER-2,UP,P04626,,,,
HER2 receptor,UP,P04626,,,,
HER2,UP,P04626,,,,
HER3,UP,P21860,,,,
Hes gene family,FPLX,HES,,,,
Hes genes,FPLX,HES,,,,
HES,FPLX,HES,,,,
Hes,FPLX,HES,,,,
HG,HMDB,HMDB00122,,,,
HGF,UP,P14210,,,,
Hic-5,UP,O43294,,,,
HIF,FPLX,HIF,,,,
HIF-1,FPLX,HIF1,,,,
HIF-1alpha protein,UP,Q16665,,,,
HIF-1alpha,UP,Q16665,,,,
HIF1alpha protein,UP,Q16665,,,,
HIF1alpha,UP,Q16665,,,,
HIFalpha,FPLX,HIF_alpha,,,,
Hifalpha,FPLX,HIF_alpha,,,,
HIFbeta,FPLX,HIF_beta,,,,
Hifbeta,FPLX,HIF_beta,,,,
HIFs,FPLX,HIF,,,,
High-density lipoproteins,FPLX,HDL,,,,
HIPK2,UP,Q9H2X6,,,,
Histone 2A,FPLX,Histone_H2A,,,,
histone deacetylases,FPLX,HDAC,,,,
histone H1,FPLX,Histone_H1,,,,
Histone H2A,FPLX,Histone_H2A,,,,
histone H2A,FPLX,Histone_H2A,,,,
histone H3,FPLX,Histone_H3,,,,
histone H4,FPLX,Histone_H4,,,,
Histone,FPLX,Histone,,,,
histone,FPLX,Histone,,,,
histone-3,FPLX,Histone_H3,,,,
histones,FPLX,Histone,,,,
HLA-DR,FPLX,HLA_DR,,,,
HMGB1,UP,P09429,,,,
HO-1,UP,P09601,,,,
homeodomain iroquois proteins,FPLX,IRX,,,,
HOTAIR,HGNC,HOTAIR,NONCODE,NONHSAT028507.2,LNCRNADB,HOTAIR
HR,GO,GO:0000725,MESH,D059767,,
HRAS,UP,P01112,,,,
HRASV12,UP,P01112,,,,
HSF1,UP,Q00613,,,,
HSP20,UP,O14558,,,,
HSP27,UP,P04792,,,,
HSP70,FPLX,HSPA,,,,
Hsp70,FPLX,HSPA,,,,
HSP90,FPLX,HSP90,,,,
Hsp90,FPLX,HSP90,,,,
HSP90A,FPLX,HSP90A,,,,
HSP90AA,FPLX,HSP90AA,,,,
HSPB proteins,FPLX,HSPB,,,,
HSPB,FPLX,HSPB,,,,
hTERT,UP,O14746,,,,
HuR,HGNC,ELAVL1,UP,Q15717,,
hydrogen peroxide,PUBCHEM,784,CHEBI,CHEBI:16240,,
hypoxia-inducible factors,FPLX,HIF,,,,
I/R,MESH,D011839,,,,
ICAM-1,UP,P05362,,,,
IER3,UP,P46695,,,,
IFI16,UP,Q16666,,,,
IFN,FPLX,Interferon,,,,
IFN-a,FPLX,IFNA,,,,
IFN-alpha,FPLX,IFNA,,,,
IFN-beta,FPLX,IFNB,,,,
IFN-beta,UP,P01574,,,,
IFN-gamma,UP,P01579,,,,
IFNalpha,FPLX,IFNA,,,,
IFNgamma,UP,P01579,,,,
IFNGR,FPLX,Interferon_gamma_receptor,,,,
IGF-1,UP,P05019,,,,
IGF-1R,UP,P08069,,,,
IGF-1Rbeta,UP,P08069,,,,
IGF-BP,FPLX,IGFBP,,,,
IGF-I,UP,P05019,,,,
IGF-IR,UP,P08069,,,,
IGF1,UP,P05019,,,,
IGF1R,UP,P08069,,,,
IGFBP,FPLX,IGFBP,,,,
IGFBPs,FPLX,IGFBP,,,,
IkappaB kinase,FPLX,IKK_family,,,,
IkappaB,FPLX,IKB,,,,
IkappaB-alpha,HGNC,NFKBIA,,,,
IkappaBalpha,UP,P25963,,,,
IKK complex,FPLX,IKK_complex,,,,
IKK,FPLX,IKK_family,,,,
IKKalpha,UP,O15111,,,,
IKKbeta,UP,O14920,,,,
IL-1,FPLX,IL1,,,,
IL-10,UP,P22301,,,,
IL-12,FPLX,IL12,,,,
IL-17,UP,Q16552,,,,
IL-18,UP,Q14116,,,,
IL-1beta,UP,P01584,,,,
IL-2,UP,P60568,,,,
IL-4,UP,P05112,,,,
IL-6,UP,P05231,,,,
IL-8,UP,P10145,,,,
imatinib,PUBCHEM,5291,LINCS,10023-103,,
immune response,GO,GO:0006955,,,,
infiltration,MESH,D009361,,,,
inflammation,GO,GO:0006954,MESH,D007249,,
inflammatory response,GO,GO:0006954,,,,
inhibin A,FPLX,Inhibin_A,,,,
inhibin B,FPLX,Inhibin_B,,,,
Inhibin,FPLX,Inhibin,,,,
inhibin,FPLX,Inhibin,,,,
inhibin-A,FPLX,Inhibin_A,,,,
inhibin-a,FPLX,Inhibin_A,,,,
inhibin-B,FPLX,Inhibin_B,,,,
inhibin-b,FPLX,Inhibin_B,,,,
iNOS,UP,P35228,,,,
insulin family,FPLX,INS,,,,
insulin receptor family,FPLX,INSR,,,,
insulin receptor substrate,FPLX,IRS,,,,
insulin receptor,UP,P06213,,,,
insulin receptor/insulin-like growth factor receptor family,FPLX,INSR,,,,
Insulin,UP,P01308,,,,
insulin,UP,P01308,,,,
insulin-like growth factor binding proteins,FPLX,IGFBP,,,,
integrin,FPLX,Integrins,,,,
integrins,FPLX,Integrins,,,,
Interferon beta,FPLX,IFNB,,,,
interferon beta,FPLX,IFNB,,,,
interferon gamma receptor,FPLX,Interferon_gamma_receptor,,,,
interferon,FPLX,Interferon,,,,
interferon-gamma receptor,FPLX,Interferon_gamma_receptor,,,,
invasion,MESH,D009361,,,,
invasiveness,MESH,D009361,,,,
IQGAP1,UP,P46940,,,,
IR,MESH,D011839,,,,
IR,UP,P06213,,,,
IRF3,UP,Q14653,,,,
iron,PUBCHEM,23925,,,,
Iroquois family,FPLX,IRX,,,,
Iroquois proteins,FPLX,IRX,,,,
Iroquois-class homeodomain proteins,FPLX,IRX,,,,
IRS family,FPLX,IRS,,,,
IRS,FPLX,IRS,,,,
IRS-1,UP,P35568,,,,
IRS-2,UP,Q9Y4H2,,,,
IRS1,UP,P35568,,,,
IRS2,UP,Q9Y4H2,,,,
isoflurane,PUBCHEM,3763,CHEBI,CHEBI:6015,,
JAK,FPLX,JAK,,,,
JAK2,UP,O60674,,,,
JNK MAPK,FPLX,JNK,,,,
JNK,FPLX,JNK,,,,
JNK1,UP,P45983,,,,
JNK1/2,FPLX,JNK,,,,
JQ1,PUBCHEM,46907787,,,,
JUN,FPLX,JUN_family,,,,
K-Ras,UP,P01116,,,,
kallikrein-related peptidases,FPLX,KLK,,,,
Keap1,UP,Q14145,,,,
kinetochore centromere binding factor 3,FPLX,CBF3,,,,
kinetochore complex,FPLX,Kinetochore,,,,
kinetochore,FPLX,Kinetochore,,,,
kinetochores,FPLX,Kinetochore,,,,
KLF5,UP,Q13887,,,,
Klf5,UP,Q13887,,,,
KLKs,FPLX,KLK,,,,
KRAS,UP,P01116,,,,
Kras,UP,P01116,,,,
KSR,FPLX,KSR,,,,
LA,CHEBI,CHEBI:30314,PUBCHEM,6112,,
lactate,PUBCHEM,91435,CHEBI,CHEBI:24996,,
laminin 332 chains,FPLX,Laminin_332,,,,
laminin 332,FPLX,Laminin_332,,,,
laminin-332 chains,FPLX,Laminin_332,,,,
laminin-332,FPLX,Laminin_332,,,,
Laminin-5,FPLX,Laminin_332,,,,
laminin-5,FPLX,Laminin_332,,,,
lapatinib,PUBCHEM,208908,CHEBI,CHEBI:49603,,
LAT,UP,O43561,,,,
LC3,FPLX,MAP1LC3,,,,
Lck,UP,P06239,,,,
LDH,FPLX,LDH,,,,
lead,PUBCHEM,5352425,CHEBI,CHEBI:25016,,
leptin,UP,P41159,,,,
LH,FPLX,LH,,,,
LIF,UP,P15018,,,,
lipopolysaccharide,PUBCHEM,11970143,CHEBI,CHEBI:16412,MESH,D008070
LKB1,UP,Q15831,,,,
LM-1,FPLX,Laminin_111,,,,
LMP1,UP,P03230,,,,
localization,GO,GO:0051179,,,,
long-chain acyl-CoA synthetase,FPLX,ACSL,,,,
LPA,UP,P08519,,,,
LPS,PUBCHEM,11970143,CHEBI,CHEBI:16412,MESH,D008070
LRRK2,UP,Q5S007,,,,
luteinizing hormone,FPLX,LH,,,,
luteinizing-hormone,FPLX,LH,,,,
luteolin,PUBCHEM,5280445,CHEBI,CHEBI:15864,,
MA,PUBCHEM,10836,CHEBI,CHEBI:6809,,
MA,PUBCHEM,73659,CHEBI,CHEBI:66682,,
MA,UP,P04591,,,,
MAC,FPLX,MAC,,,,
Mad2,UP,Q13257,,,,
MAF,FPLX,MAF,,,,
Maf,FPLX,MAF,,,,
maf,FPLX,MAF,,,,
MAF,UP,O75444,,,,
Maf,UP,O75444,,,,
maf,UP,O75444,,,,
mammalian target of rapamycin,UP,P42345,,,,
mangiferin,CHEBI,CHEBI:6682,PUBCHEM,22396024,,
MAP2K1,UP,Q02750,,,,
MAP2K2,UP,P36507,,,,
MAP3K,FPLX,MAP3K,,,,
MAP3K2,UP,Q9Y2U5,,,,
MAPK kinase kinase,FPLX,MAP3K,,,,
MAPK kinase,FPLX,MAP2K,,,,
MAPK p38,FPLX,p38,,,,
MAPK,FPLX,ERK,,,,
MAPK1,UP,P28482,,,,
MAPK3,UP,P27361,,,,
MAPKK kinases,FPLX,MAP3K,,,,
MAPKKK,FPLX,MAP3K,,,,
MAZ,UP,P56270,,,,
Mcl-1,UP,Q07820,,,,
MCM,FPLX,MCM,,,,
MCP-1,UP,P0CW71,,,,
MDM2,UP,Q00987,,,,
Mdm2,UP,Q00987,,,,
MDMX,UP,O15151,,,,
Mdmx,UP,O15151,,,,
MED14,UP,O60244,,,,
MED23,UP,Q9ULK4,,,,
MEF2,FPLX,MEF2,,,,
MEF2C,UP,Q06413,,,,
MEK 1/2,FPLX,MEK,,,,
MEK inhibitor,CHEBI,CHEBI:88286,,,,
MEK inhibitors,CHEBI,CHEBI:88286,,,,
MEK,FPLX,MEK,,,,
MEK1,UP,Q02750,,,,
MEK1/2,FPLX,MEK,,,,
melanin,PUBCHEM,6325610,,,,
melatonin,CHEBI,CHEBI:16796,PUBCHEM,896,,
membrane attack complex,FPLX,MAC,,,,
MET,UP,P08581,,,,
Met,UP,P08581,,,,
metabolism,GO,GO:0008152,MESH,D008660,,
metabotropic glutamate receptor,FPLX,GRM,,,,
metastasis,MESH,D009362,,,,
Metformin,PUBCHEM,4091,,,,
metformin,PUBCHEM,4091,CHEBI,CHEBI:6801,,
MG132,PUBCHEM,462382,CHEBI,CHEBI:75142,,
mGluRs,FPLX,GRM,,,,
MIF,UP,P14174,,,,
mini-chromosome maintenance complex,FPLX,MCM,,,,
minichromosome maintenance complex,FPLX,MCM,,,,
minichromosome maintenance protein complex,FPLX,MCM,,,,
miR-101,MESH,C534072,MIRBASE,MI0000103,HGNC,MIR101-1
miR-145,MIRBASE,MI0000461,HGNC,MIR145,,
miR-155,MIRBASE,MI0000681,HGNC,MIR155,,
miR-21,MIRBASE,MI0000077,HGNC,MIR21,,
miR-7,MIRBASE,MI0000263,HGNC,MIR7-1,,
MITF,UP,O75030,,,,
mitochondrial membrane potential,MESH,D053078,,,,
mitogen-activated protein kinase,FPLX,MAPK,,,,
mitogen-activated protein kinases,FPLX,MAPK,,,,
mitogen activated protein kinase,FPLX,MAPK,,,,
mitogen activated protein kinases,FPLX,MAPK,,,,
MAP kinase,FPLX,MAPK,,,,
MAP kinases,FPLX,MAPK,,,,
Miz1,UP,Q13105,,,,
MKK4,UP,P45985,,,,
MKP-1,UP,P28562,,,,
MKP3,UP,Q16828,,,,
MLC,FPLX,MYL,,,,
MM,MESH,D009101,,,,
MMC,PUBCHEM,5746,CHEBI,CHEBI:27504,,
MMP,FPLX,MMP,,,,
MMP-2,UP,P08253,,,,
MMP-9,UP,P14780,,,,
MMP9,UP,P14780,,,,
MMPs,FPLX,MMP,,,,
MST1,UP,Q13043,,,,
MST2,UP,Q13188,,,,
mTOR inhibitor,CHEBI,CHEBI:68481,,,,
mTOR inhibitors,CHEBI,CHEBI:68481,,,,
mTOR,UP,P42345,,,,
mTORC1,FPLX,mTORC1,,,,
mTORC2,FPLX,mTORC2,,,,
MTX,UP,Q13505,,,,
Mu-A,PUBCHEM,375150,,,,
MUC1,UP,P15941,,,,
mutp53,UP,P04637,,,,
MYC,UP,P01106,,,,
Myc,UP,P01106,,,,
MYCN,UP,P04198,,,,
myosin alkali light chain proteins,FPLX,MYL_alkali,,,,
myosin alkali light chain,FPLX,MYL_alkali,,,,
myosin heavy chain genes,FPLX,MYH,,,,
myosin heavy chain isoforms,FPLX,MYH,,,,
myosin heavy chain protein,FPLX,MYH,,,,
Myosin heavy chain,FPLX,MYH,,,,
myosin heavy chain,FPLX,MYH,,,,
Myosin heavy chains,FPLX,MYH,,,,
myosin heavy chains,FPLX,MYH,,,,
myosin light chain protein,FPLX,MYL,,,,
myosin light chain,FPLX,MYL,,,,
myosin light chains,FPLX,MYL,,,,
MYPT1,UP,O14974,,,,
MYST family,FPLX,MYST,,,,
MYST histone acetylase,FPLX,MYST,,,,
MYST proteins,FPLX,MYST,,,,
N-cadherin,UP,P19022,,,,
N-myc downstream regulated gene family,FPLX,NDRG,,,,
N-Myc,UP,P04198,,,,
N-Ras,UP,P01111,,,,
Na+/K+ATPase,FPLX,Na_K_ATPase,,,,
Na/K ATPase alpha,FPLX,ATP1A,,,,
Na/K-ATPase,FPLX,Na_K_ATPase,,,,
NAC,PUBCHEM,12035,CHEBI,CHEBI:7421,,
nAChR,FPLX,CHRN,,,,
NAD(P)H oxidase,FPLX,NADPH_oxidase,,,,
NAD(P)H-oxidase,FPLX,NADPH_oxidase,,,,
NADH dehydrogenase,FPLX,NADH_dehydrogenase,,,,
NADPH oxidase,FPLX,NADPH_oxidase,,,,
NADPH,PUBCHEM,5884,CHEBI,CHEBI:16474,HMDB,HMDB00221
naked cuticle,FPLX,NKD,,,,
NAP,UP,P80723,,,,
NDR family,FPLX,NDRG,,,,
NDR-family,FPLX,NDRG,,,,
NDRG2,UP,Q9UN36,,,,
necroptosis,GO,GO:0070266,,,,
necrosis,GO,GO:0070265,MESH,D009336,,
Nef,UP,P03406,,,,
NEMO,UP,Q9Y6K9,,,,
neovascularization,GO,GO:0001525,,,,
Net1,UP,Q7Z628,,,,
Neuregulin,FPLX,NRG,,,,
neuregulin,FPLX,NRG,,,,
Neuregulins,FPLX,NRG,,,,
neuregulins,FPLX,NRG,,,,
NF-E2-related factor,FPLX,NFE,,,,
NF-kappaB Class 1,FPLX,NFkappaB_1,,,,
NF-kappaB class 1,FPLX,NFkappaB_1,,,,
NF-kappaB Class 2,FPLX,NFkappaB_2,,,,
NF-kappaB class 2,FPLX,NFkappaB_2,,,,
NF-kappaB Class I,FPLX,NFkappaB_1,,,,
NF-kappaB class I,FPLX,NFkappaB_1,,,,
NF-kappaB Class II,FPLX,NFkappaB_2,,,,
NF-kappaB class II,FPLX,NFkappaB_2,,,,
NF-kappaB complexes,FPLX,NFkappaB,,,,
NF-kappaB dimers,FPLX,NFkappaB,,,,
NF-kappaB Factors,FPLX,NFkappaB,,,,
NF-kappaB factors,FPLX,NFkappaB,,,,
NF-kappaB genes,FPLX,NFkappaB,,,,
NF-kappaB p50,HGNC,NFKB1,,,,
NF-kappaB p65,HGNC,RELA,UP,Q04206,,
NF-kappaB subunits,FPLX,NFkappaB,,,,
NF-kappaB TFs,FPLX,NFkappaB,,,,
NF-kappaB,FPLX,NFkappaB,,,,
NF-kappaB1,HGNC,NFKB1,,,,
NF-kappaB2,HGNC,NFKB2,,,,
NF-kappabeta,FPLX,NFkappaB,,,,
NF-kappaBp50,HGNC,NFKB1,,,,
NF-kappaBp65,HGNC,RELA,,,,
NF-kappaBs,FPLX,NFkappaB,,,,
NF-kB,FPLX,NFkappaB,,,,
NF-Y,FPLX,NFY,,,,
NFAT,FPLX,NFAT,,,,
NFkappaB complexes,FPLX,NFkappaB,,,,
NFkappaB p50,HGNC,NFKB1,,,,
NFkappaB p65,HGNC,RELA,,,,
NFkappaB,FPLX,NFkappaB,,,,
NFkappaBp65,HGNC,RELA,,,,
NFY,FPLX,NFY,,,,
NGF,UP,P01138,,,,
nicotine class acetylcholine receptors,FPLX,CHRN,,,,
nicotinic acetylcholine receptor,FPLX,CHRN,,,,
nitric oxide,PUBCHEM,145068,,,,
nmMLCK,UP,Q15746-1,,,,
nmMLCK1,UP,Q15746-1,,,,
NO,HMDB,HMDB03378,CHEBI,CHEBI:16480,PUBCHEM,145068
non-ELR-CXC chemokines,FPLX,CXCL_ELR_negative,,,,
NOS,FPLX,NOS,,,,
Notch,FPLX,Notch,,,,
Notch1,UP,P46531,,,,
NOX1,UP,Q9Y5S8,,,,
NOX2,UP,P04839,,,,
NOX3,UP,Q9HBY0,,,,
NOX4,UP,Q9NPH5,,,,
Noxa,UP,Q13794,,,,
NPM,UP,P06748,,,,
NRAS,UP,P01111,,,,
NRF2,UP,Q16236,,,,
Nrf2,UP,Q16236,,,,
NRG1,UP,Q02297,,,,
NRG1-NRG2,FPLX,NRG_1_2,,,,
NRG1/2,FPLX,NRG_1_2,,,,
NRG3-NRG4,FPLX,NRG_3_4,,,,
NRG3/4,FPLX,NRG_3_4,,,,
NRGs,FPLX,NRG,,,,
NTF3,UP,P20783,,,,
NTRK,FPLX,NTRK,,,,
NTRKs,FPLX,NTRK,,,,
Nuclear factor erythroid 2-related factor,FPLX,NFE,,,,
nuclear factor Y,FPLX,NFY,,,,
nuclear factor-Y,FPLX,NFY,,,,
Nuclear Receptor Co-Repressor,FPLX,NCOR,,,,
nuclear receptor co-repressor,FPLX,NCOR,,,,
Nuclear receptor corepressor,FPLX,NCOR,,,,
nuclear receptor corepressor,FPLX,NCOR,,,,
Nutlin-3,PUBCHEM,216345,CHEBI,CHEBI:46742,,
NVP-BEZ235,PUBCHEM,11977753,LINCS,10232-101,,
NVP-LDE-225,PUBCHEM,24775005,CHEBI,CHEBI:90863,,
OA,CHEBI,CHEBI:37659,PUBCHEM,10494,,
OA,CHEBI,CHEBI:44658,PUBCHEM,446512,,
ofalpha(2)-adrenoceptor,FPLX,ADRA2,,,,
OPG,UP,O00300,,,,
OPN,UP,P10451,,,,
ov-serpins,FPLX,SERPINB,,,,
oxaliplatin,CHEBI,CHEBI:31941,,,,
oxygen,HMDB,HMDB01377,CHEBI,CHEBI:25806,PUBCHEM,977
P-REX1,UP,Q8TCU6,,,,
p100,HGNC,NFKB2,,,,
p105,HGNC,NFKB1,,,,
p110,FPLX,PI3K_p110,,,,
p110alpha,UP,P42336,,,,
p110beta,UP,P42338,,,,
p120,UP,O60716,,,,
p130,UP,P56945,,,,
p16,UP,P42771,,,,
p160/SRC,FPLX,NCOA,,,,
p21 Cip1,UP,P38936,,,,
p21 WAF1,UP,P38936,,,,
p21,UP,P38936,,,,
p22 phox,UP,P13498,,,,
p27 Kip1,UP,P46527,,,,
p27,UP,P46527,,,,
P2X purinoreceptor,FPLX,P2RX,,,,
P2X purinoreceptors,FPLX,P2RX,,,,
P2X receptor,FPLX,P2RX,,,,
P2X receptors,FPLX,P2RX,,,,
P2X,FPLX,P2RX,,,,
P2Y receptor,FPLX,P2RY,,,,
p300,UP,Q09472,,,,
P38 MAPK,FPLX,p38,,,,
p38 MAPK,FPLX,p38,,,,
p38 MAPKs,FPLX,p38,,,,
p38,FPLX,p38,,,,
p38-MAPK,FPLX,p38,,,,
p38MAPK,FPLX,p38,,,,
p40 phox,UP,Q15080,,,,
p42,UP,P28482,,,,
p42,UP,Q9UQ80,,,,
p47 phox,UP,P14598,,,,
p50,UP,P19838,,,,
p52,HGNC,NFKB2,,,,
P53 family,FPLX,p53_family,,,,
p53 Family,FPLX,p53_family,,,,
p53 family,FPLX,p53_family,,,,
P53,UP,P04637,,,,
p53,UP,P04637,,,,
p53/p63/p73 family,FPLX,p53_family,,,,
p62,UP,Q13501,,,,
p63,UP,Q9H3D4,,,,
p65,UP,Q04206,,,,
p66Shc,UP,P29353-1,,,,
p67 phox,UP,P19878,,,,
p70 S6 kinase,FPLX,P70S6K,,,,
p70,UP,P23443,,,,
P70RSK,FPLX,P70S6K,,,,
p70S6 kinase,UP,P23443,,,,
P70S6K,FPLX,P70S6K,,,,
p70S6K,UP,P23443,,,,
p73,UP,O15350,,,,
p85,FPLX,PI3K_p85,,,,
p85alpha,UP,P27986,,,,
PA,CHEBI,CHEBI:16337,PUBCHEM,8144759,,
paeoniflorin,CHEBI,CHEBI:7889,PUBCHEM,442534,,
PAI-1,UP,P05121,,,,
PAK,FPLX,PAK,,,,
Pak,FPLX,PAK,,,,
PAK1,UP,Q13153,,,,
Pak1,UP,Q13153,,,,
Pak2,UP,Q13177,,,,
PAK4,UP,O96013,,,,
palmitate,PUBCHEM,985,CHEBI,CHEBI:15756,HMDB,HMDB00220
PAR3,UP,Q8TEW0,,,,
Parkin,UP,O60260,,,,
PARP genes,FPLX,PARP,,,,
PARP,UP,P09874,,,,
Parp,UP,P09874,,,,
PARP-1,UP,P09874,,,,
PARPs,FPLX,PARP,,,,
Parvin,FPLX,PARV,,,,
parvin,FPLX,PARV,,,,
Parvins,FPLX,PARV,,,,
parvins,FPLX,PARV,,,,
PATCHED,FPLX,Patched,,,,
Patched,FPLX,Patched,,,,
paxillin,UP,P49023,,,,
PBX,FPLX,PBX,,,,
Pbx,FPLX,PBX,,,,
pbx,FPLX,PBX,,,,
PBXs,FPLX,PBX,,,,
Pca,MESH,D011471,,,,
PCNA,UP,P12004,,,,
PD,MESH,D010300,,,,
PD98509,CHEBI,CHEBI:79091,,,,
PDE 2,HGNC,PDE2A,,,,
PDE 3,FPLX,PDE3,,,,
PDE,FPLX,PDE,,,,
PDE1,FPLX,PDE1,,,,
PDE3,FPLX,PDE3,,,,
PDE4 isoforms,FPLX,PDE4,,,,
PDE4,FPLX,PDE4,,,,
PDE5,HGNC,PDE5A,,,,
PDE6,FPLX,PDE6,,,,
PDE7,FPLX,PDE7,,,,
PDE8,FPLX,PDE8,,,,
PDEs,FPLX,PDE,,,,
PDGF CC,FPLX,PDGF_CC,,,,
PDGF DD,FPLX,PDGF_DD,,,,
PDGF,FPLX,PDGF,,,,
PDGF-AA,FPLX,PDGF_AA,,,,
PDGF-aa,FPLX,PDGF_AA,,,,
PDGF-AB,FPLX,PDGF_AB,,,,
PDGF-ab,FPLX,PDGF_AB,,,,
PDGF-BB,FPLX,PDGF_BB,,,,
PDGF-bb,FPLX,PDGF_BB,,,,
PDGF-CC,FPLX,PDGF_CC,,,,
PDGF-cc,FPLX,PDGF_CC,,,,
PDGF-DD,FPLX,PDGF_DD,,,,
PDGF-dd,FPLX,PDGF_DD,,,,
PDGFAA,FPLX,PDGF_AA,,,,
PDGFAB,FPLX,PDGF_AB,,,,
PDGFBB,FPLX,PDGF_BB,,,,
PDGFR,FPLX,PDGFR,,,,
PDGFR-AA,FPLX,PDGFR_AA,,,,
PDGFR-AB,FPLX,PDGFR_AB,,,,
PDGFR-alphaalpha,FPLX,PDGFR_AA,,,,
PDGFR-alphabeta,FPLX,PDGFR_AB,,,,
PDGFR-BB,FPLX,PDGFR_BB,,,,
PDGFR-betabeta,FPLX,PDGFR_BB,,,,
PDGFRalpha,UP,P16234,,,,
PDGFRalphaalpha,FPLX,PDGFR_AA,,,,
PDGFRalphabeta,FPLX,PDGFR_AB,,,,
PDGFRbeta,UP,P09619,,,,
PDGFRbetabeta,FPLX,PDGFR_BB,,,,
PDH,FPLX,PDH,,,,
PDK,FPLX,PDK,,,,
PDK,UP,O15530,,,,
PDK1,UP,O15530,,,,
PDKs,FPLX,PDK,,,,
PDPK1,UP,O15530,,,,
PDT,MESH,D010778,,,,
PEA-15,UP,Q15121,,,,
PERK,UP,Q9NZJ5,,,,
Peroxiredoxin,FPLX,PRDX,,,,
peroxiredoxin,FPLX,PRDX,,,,
Peroxiredoxins,FPLX,PRDX,,,,
peroxiredoxins,FPLX,PRDX,,,,
Pertussis toxin,FPLX,Pertussis_toxin,,,,
pertussis toxin,FPLX,Pertussis_toxin,,,,
PF-3758309,PUBCHEM,25227462,,,,
PGC-1alpha,UP,Q9UBK2,,,,
PGE 2,CHEBI,CHEBI:73965,,,,
PGE2,UP,P35408,,,,
phenformin,PUBCHEM,8249,CHEBI,CHEBI:8064,,
PhK,FPLX,PhK,,,,
phosphatase,FPLX,Phosphatase,,,,
phosphatidylinositol 3-kinase,FPLX,PI3K,,,,
phosphatidylinositol,PUBCHEM,53477912,MESH,D010716,,
Phosphodiesterase 1,FPLX,PDE1,,,,
phosphodiesterase 1,FPLX,PDE1,,,,
Phosphodiesterase 2,HGNC,PDE2A,,,,
phosphodiesterase 2,HGNC,PDE2A,,,,
Phosphodiesterase 3,FPLX,PDE3,,,,
phosphodiesterase 3,FPLX,PDE3,,,,
Phosphodiesterase 4,FPLX,PDE4,,,,
phosphodiesterase 4,FPLX,PDE4,,,,
Phosphodiesterase 5,HGNC,PDE5A,,,,
phosphodiesterase 5,HGNC,PDE5A,,,,
Phosphodiesterase 6,FPLX,PDE6,,,,
phosphodiesterase 6,FPLX,PDE6,,,,
Phosphodiesterase 7,FPLX,PDE7,,,,
phosphodiesterase 7,FPLX,PDE7,,,,
Phosphodiesterase 8,FPLX,PDE8,,,,
phosphodiesterase 8,FPLX,PDE8,,,,
Phosphodiesterase,FPLX,PDE,,,,
phosphodiesterase,FPLX,PDE,,,,
Phosphodiesterase-1,FPLX,PDE1,,,,
phosphodiesterase-1,FPLX,PDE1,,,,
Phosphodiesterase-2,HGNC,PDE2A,,,,
phosphodiesterase-2,HGNC,PDE2A,,,,
Phosphodiesterase-3,FPLX,PDE3,,,,
phosphodiesterase-3,FPLX,PDE3,,,,
Phosphodiesterase-4,FPLX,PDE4,,,,
phosphodiesterase-4,FPLX,PDE4,,,,
Phosphodiesterase-5,HGNC,PDE5A,,,,
phosphodiesterase-5,HGNC,PDE5A,,,,
Phosphodiesterase-6,FPLX,PDE6,,,,
phosphodiesterase-6,FPLX,PDE6,,,,
Phosphodiesterase-7,FPLX,PDE7,,,,
phosphodiesterase-7,FPLX,PDE7,,,,
Phosphodiesterase-8,FPLX,PDE8,,,,
phosphodiesterase-8,FPLX,PDE8,,,,
Phosphodiesterases,FPLX,PDE,,,,
phosphodiesterases,FPLX,PDE,,,,
Phospholipase A2 Group IV,FPLX,PLA2G4,,,,
phospholipase A2 group-II,FPLX,PLA2G2,,,,
phospholipase A2 group-IV,FPLX,PLA2G4,,,,
phospholipase A2,FPLX,PLA2,,,,
Phospholipase C,FPLX,PLC,,,,
phospholipase C,FPLX,PLC,,,,
Phospholipase C-beta,FPLX,PLCB,,,,
phospholipase C-beta,FPLX,PLCB,,,,
Phospholipase C-delta,FPLX,PLCD,,,,
phospholipase C-delta,FPLX,PLCD,,,,
Phospholipase Cbeta,FPLX,PLCB,,,,
phospholipase Cbeta,FPLX,PLCB,,,,
Phospholipase Cdelta,FPLX,PLCD,,,,
phospholipase Cdelta,FPLX,PLCD,,,,
Phospholipase D,FPLX,PLD,,,,
phospholipase D,FPLX,PLD,,,,
Phospholipase-C,FPLX,PLC,,,,
phospholipase-C,FPLX,PLC,,,,
Phosphorylase kinase,FPLX,PhK,,,,
phosphorylase kinase,FPLX,PhK,,,,
PI,PUBCHEM,53477912,MESH,D010716,,
PI3-kinase,FPLX,PI3K,,,,
PI3K inhibitor,CHEBI,CHEBI:84801,,,,
PI3K p110 subunit,FPLX,PI3K_p110,,,,
PI3K,FPLX,PI3K,,,,
PI3Kinase,FPLX,PI3K,,,,
PIK3C,FPLX,PI3K_p110,,,,
PIK3CA,UP,P42336,,,,
PIK3R,FPLX,PIK3R_I,,,,
Pin1,UP,Q13526,,,,
PIP,PUBCHEM,86289149,CHEBI,CHEBI:28765,,
PIP3,MESH,C060974,PUBCHEM,101362114,,
PK-A,FPLX,PKA,,,,
PKA catalytic subunit,FPLX,PRKAC,,,,
PKA catalytic subunits,FPLX,PRKAC,,,,
PKA regulatory subunit,FPLX,PRKAR,,,,
PKA regulatory subunits,FPLX,PRKAR,,,,
PKA,FPLX,PKA,,,,
PKB,FPLX,AKT,,,,
PKB-Akt,FPLX,AKT,,,,
PKB/Akt,FPLX,AKT,,,,
PKC,FPLX,PKC,,,,
PKCalpha,UP,P17252,,,,
PKCdelta,UP,Q05655,,,,
PKCepsilon,UP,Q02156,,,,
PKG,FPLX,PRKG,,,,
PKI,FPLX,PKI,,,,
PKM2,UP,P14618,,,,
PKR,UP,P19525,,,,
PLA2G2,FPLX,PLA2G2,,,,
PLA2g2,FPLX,PLA2G2,,,,
PLA2G4,FPLX,PLA2G4,,,,
PLB,UP,P26678,,,,
PLC,FPLX,PLC,,,,
PLC-gamma,FPLX,PLCG,,,,
PLC-gamma1,UP,P19174,,,,
PLCgamma1,UP,P19174,,,,
PLK1,UP,P53350,,,,
Plk1,UP,P53350,,,,
PLX,PUBCHEM,42611257,CHEBI,CHEBI:63637,,
PLX4032,PUBCHEM,42611257,CHEBI,CHEBI:63637,,
PML,UP,P29590,,,,
Pol delta,FPLX,DNA_polymerase_delta,,,,
pol delta,FPLX,DNA_polymerase_delta,,,,
Pol I,FPLX,RNApo_I,,,,
Poly(ADP-ribose) polymerase,FPLX,PARP,,,,
Poly(ADP-ribose) polymerases,FPLX,PARP,,,,
Polycomb Repressive Complex 1,FPLX,PRC1_complex,,,,
Polycomb repressive complex 1,FPLX,PRC1_complex,,,,
polycomb repressive complex 1,FPLX,PRC1_complex,,,,
Polycomb Repressive Complex 2,FPLX,PRC2_complex,,,,
Polycomb repressive complex 2,FPLX,PRC2_complex,,,,
polycomb repressive complex 2,FPLX,PRC2_complex,,,,
Polycomb repressive complex PRC1,FPLX,PRC1_complex,,,,
Polycomb repressive complex PRC2,FPLX,PRC2_complex,,,,
Polycomb Repressive Complexes 1,FPLX,PRC1_complex,,,,
Polycomb Repressive Complexes 2,FPLX,PRC2_complex,,,,
Polycomb-repressive complex 1,FPLX,PRC1_complex,,,,
Polycomb-repressive complex 2,FPLX,PRC2_complex,,,,
PP1,FPLX,PPP1,,,,
PP1C,FPLX,PPP1C,,,,
PP1c,FPLX,PPP1C,,,,
PP1R,FPLX,PPP1R,,,,
PP1r,FPLX,PPP1R,,,,
PP2 phosphatases,FPLX,PPP2,,,,
PP2,FPLX,PPP2,,,,
PP2,CHEBI,CHEBI:78331,PUBCHEM,4878,,
PP242,PUBCHEM,24905147,CHEBI,CHEBI:90679,,
PP2A catalytic C subunit,FPLX,PPP2C,,,,
PP2A regulatory subunit A,FPLX,PPP2R_A,,,,
PP2A regulatory subunit B,FPLX,PPP2R_B,,,,
PP2A,FPLX,PPP2,,,,
PP2A-C,FPLX,PPP2C,,,,
PP2Ac,FPLX,PPP2C,,,,
PP2B catalytic subunit,FPLX,PPP3C,,,,
PP2B,FPLX,PPP3,,,,
PPAR,FPLX,PPAR,,,,
PPAR-gamma,UP,P37231,,,,
PPARgamma,UP,P37231,,,,
PPP1,FPLX,PPP1,,,,
PPP1C,FPLX,PPP1C,,,,
PR,UP,P06401,,,,
PRAS40,UP,Q96B36,,,,
pRB,UP,P06400,,,,
pRb,UP,P06400,,,,
PRC1,FPLX,PRC1_complex,,,,
PRC1,UP,O43663,,,,
PRC2,FPLX,PRC2_complex,,,,
PRKAA,FPLX,AMPK_alpha,,,,
PRKAB,FPLX,AMPK_beta,,,,
PRKAG,FPLX,AMPK_gamma,,,,
PRL-3,UP,O75365,,,,
Profilin,FPLX,PFN,,,,
profilin,FPLX,PFN,,,,
Profilins,FPLX,PFN,,,,
profilins,FPLX,PFN,,,,
progesterone,CHEBI,CHEBI:17026,PUBCHEM,5994,,
Proliferation,GO,GO:0008283,,,,
proliferation,GO,GO:0008283,MESH,D049109,,
Propionyl-CoA carboxylase,FPLX,Propionyl_CoA_carboxylase,,,,
propionyl-CoA carboxylase,FPLX,Propionyl_CoA_carboxylase,,,,
prostaglandin E receptor,FPLX,PTGER,,,,
protease,FPLX,Protease,,,,
proteasome,FPLX,Proteasome,,,,
Protein kinase A catalytic subunit,FPLX,PRKAC,,,,
protein kinase A catalytic subunit,FPLX,PRKAC,,,,
Protein kinase A catalytic subunits,FPLX,PRKAC,,,,
protein kinase A catalytic subunits,FPLX,PRKAC,,,,
Protein kinase A regulatory subunit,FPLX,PRKAR,,,,
protein kinase A regulatory subunit,FPLX,PRKAR,,,,
Protein kinase A regulatory subunits,FPLX,PRKAR,,,,
protein kinase A regulatory subunits,FPLX,PRKAR,,,,
protein kinase A,FPLX,PKA,,,,
protein kinase C,FPLX,PKC,,,,
protein kinase G,FPLX,PRKG,,,,
protein phosphatase 2,FPLX,PPP2,,,,
protein phosphatase 2B,FPLX,PPP3,,,,
proteolysis,GO,GO:0006508,,,,
PTC,UP,P18502,,,,
Ptc,UP,P18502,,,,
ptc,UP,P18502,,,,
PTEN,UP,P60484,,,,
Pten,UP,P60484,,,,
PTP1B,UP,P18031,,,,
PTX,FPLX,Pertussis_toxin,,,,
PTX3,HGNC,PTX3,UP,P26022,,
PUMA,UP,Q96PG8,,,,
Pyk2,UP,Q14289,,,,
Pyruvate dehydrogenase kinase,FPLX,PDK,,,,
pyruvate dehydrogenase kinase,FPLX,PDK,,,,
quercetin,CHEBI,CHEBI:16243,PUBCHEM,5280343,,
RA,PUBCHEM,444795,CHEBI,CHEBI:26536,HMDB,HMDB06219
Rab GTPases,FPLX,RAB,,,,
rab GTPases,FPLX,RAB,,,,
rab proteins,FPLX,RAB,,,,
RAB,FPLX,RAB,,,,
Rab,FPLX,RAB,,,,
rab,FPLX,RAB,,,,
Rabs,FPLX,RAB,,,,
RAC,FPLX,RAC,,,,
Rac,UP,P63000,,,,
RAC1,UP,P63000,,,,
Rac1,UP,P63000,,,,
RAD51,UP,Q06609,,,,
Rad51,UP,Q06609,,,,
Rad52,UP,P43351,,,,
RAF inhibitors,CHEBI,CHEBI:75047,,,,
RAF,FPLX,RAF,,,,
Raf,FPLX,RAF,,,,
Raf-1,UP,P04049,,,,
RAGE,UP,Q15109,,,,
RAL family,FPLX,RAL,,,,
Ral family,FPLX,RAL,,,,
RAL guanine nucleotide dissociation stimulator like,FPLX,RGL,,,,
Ral guanine nucleotide dissociation stimulator like,FPLX,RGL,,,,
ral guanine nucleotide dissociation stimulator like,FPLX,RGL,,,,
RAL isoforms,FPLX,RAL,,,,
Ral isoforms,FPLX,RAL,,,,
RAL proteins,FPLX,RAL,,,,
Ral proteins,FPLX,RAL,,,,
RAL,FPLX,RAL,,,,
RAL,HGNC,RALA,,,,
RalA,UP,P11233,,,,
RALGDS-like,FPLX,RGL,,,,
RANKL,UP,O14788,,,,
Rap guanine nucleotide exchange factor,FPLX,RAPGEF,,,,
Rap guanine nucleotide exchange factors,FPLX,RAPGEF,,,,
Rap1,FPLX,RAP1,,,,
Rapamycin,PUBCHEM,5284616,CHEBI,CHEBI:9168,,
rapamycin,PUBCHEM,5284616,CHEBI,CHEBI:9168,,
RapGEFs,FPLX,RAPGEF,,,,
Raptor,UP,Q8N122,,,,
raptor,UP,Q8N122,,,,
RAR,FPLX,RAR,,,,
RAS association domain family,FPLX,RASSF,,,,
Ras association domain family,FPLX,RASSF,,,,
RAS,FPLX,RAS,,,,
Ras,FPLX,RAS,,,,
RAS-association domain family,FPLX,RASSF,,,,
Ras-association domain family,FPLX,RASSF,,,,
RASA,FPLX,RASA,,,,
RASAL,FPLX,RASAL,,,,
RasGAP,FPLX,RasGAP,,,,
RasGAPs,FPLX,RasGAP,,,,
RASGRF,FPLX,RASGRF,,,,
RASGRP,FPLX,RASGRP,,,,
RASSF family,FPLX,RASSF,,,,
RASSF1A,UP,Q9NS23,,,,
RB,UP,P06400,,,,
Rb,UP,P06400,,,,
RB1,UP,P06400,,,,
Rb1,UP,P06400,,,,
receptor tyrosine kinase-like orphan receptor,FPLX,ROR,,,,
receptor tyrosine kinase-like orphan receptors,FPLX,ROR,,,,
REDD1,UP,Q9NX09,,,,
regulatory A subunit of PP2A,FPLX,PPP2R_A,,,,
regulatory B subunit of PP2A,FPLX,PPP2R_B,,,,
regulatory family X,FPLX,RFX,,,,
regulatory myosin light chain,FPLX,MYL_regulatory,,,,
regulatory subunit of calcineurin,FPLX,PPP3R,,,,
RelA,UP,Q04206,,,,
replication factor C,FPLX,RFC,,,,
Replication protein A,FPLX,RPA,,,,
replication protein A,FPLX,RPA,,,,
RES,PUBCHEM,5281611,,,,
Resveratrol,PUBCHEM,445154,CHEBI,CHEBI:27881,,
resveratrol,PUBCHEM,445154,CHEBI,CHEBI:27881,,
RET,UP,P07949,,,,
retinoblastoma protein,UP,P06400,,,,
retinoic acid receptors,FPLX,RAR,,,,
retinoid X receptors,FPLX,RXR,,,,
RF-C,FPLX,RFC,,,,
RFC,FPLX,RFC,,,,
RFX family,FPLX,RFX,,,,
RFX proteins,FPLX,RFX,,,,
RFX,FPLX,RFX,,,,
Rheb,UP,Q15382,,,,
RHO,FPLX,RHO,,,,
Rho,UP,P61586,,,,
Rho-GDI,FPLX,RhoGDI,,,,
RhoA,UP,P61586,,,,
RhoB,UP,P62745,,,,
RhoC,UP,P08134,,,,
RHOGDI,FPLX,RhoGDI,,,,
RhoGDI,FPLX,RhoGDI,,,,
rhoGDI,FPLX,RhoGDI,,,,
RhoGDIs,FPLX,RhoGDI,,,,
ribosomal protein S6,UP,P62753,IP,IPR000529,,
RICTOR,UP,Q6R327,,,,
Rictor,UP,Q6R327,,,,
RIG-I,UP,O95786,,,,
RIP1,UP,Q13546,,,,
RKIP,UP,P30086,,,,
RNA polymerase 1,FPLX,RNApo_I,,,,
RNA polymerase I,FPLX,RNApo_I,,,,
RNA polymerase II,FPLX,RNApo_II,,,,
RNAP II,FPLX,RNApo_II,,,,
ROCK,FPLX,ROCK,,,,
ROCK1,UP,Q13464,,,,
ROCK2,UP,O75116,,,,
RORs,FPLX,ROR,,,,
ROS,MESH,D017382,,,,
ROS,UP,P08922,,,,
rosiglitazone,CHEBI,CHEBI:50122,PUBCHEM,77999,,
rottlerin,CHEBI,CHEBI:8899,PUBCHEM,5281847,,
RPA,FPLX,RPA,,,,
rPKA,FPLX,PRKAR,,,,
RPS6KA,FPLX,P90RSK,,,,
RSK,FPLX,RSK,,,,
RSK2,UP,P51812,,,,
RTA,UP,O43251,,,,
RTKs,FPLX,RTK,,,,
RUNX2,UP,Q13950,,,,
rutin,CHEBI,CHEBI:28527,PUBCHEM,24775672,,
RXR,FPLX,RXR,,,,
S100A,FPLX,S100A,,,,
S100a,FPLX,S100A,,,,
S1P receptor,FPLX,S1PR,,,,
S6,UP,P62753,IP,IPR000529,,
S6K,FPLX,P70S6K,,,,
S6K1,UP,P23443,,,,
SAA,FPLX,SAA,,,,
SAC,GO,GO:0033316,,,,
SAF-1,UP,P56270,,,,
SAHA,PUBCHEM,5311,CHEBI,CHEBI:45716,CHEMBL,CHEMBL98
sarcoplasmic/endoplasmic reticulum calcium ATPase,FPLX,SERCA,,,,
SB203580,PUBCHEM,176155,CHEBI,CHEBI:90705,,
SCF,UP,P21583,,,,
senescence,GO,GO:0090398,MESH,D016922,,
SERCA,FPLX,SERCA,,,,
SERCAs,FPLX,SERCA,,,,
SFN,CHEBI,CHEBI:47807,PUBCHEM,5350,,
SHC,FPLX,SHC,,,,
Shc,FPLX,SHC,,,,
shikonin,CHEBI,CHEBI:81068,PUBCHEM,5208,,
SHP-2,UP,Q06124,,,,
SHP2,UP,Q06124,,,,
Shp2,UP,Q06124,,,,
signal transduction,GO,GO:0007165,MESH,D015398,,
simvastatin,CHEBI,CHEBI:9150,PUBCHEM,54454,,
SIRT1,UP,Q96EB6,,,,
Sirt1,UP,Q96EB6,,,,
Skp2,UP,Q13309,,,,
SLC2,FPLX,SLC2A,,,,
slow myosin,FPLX,MYL_slow,,,,
SLP-76,UP,Q13094,,,,
SMAD 2/3,FPLX,SMAD2_3,,,,
SMAD,FPLX,SMAD,,,,
Smad,FPLX,SMAD,,,,
smad,FPLX,SMAD,,,,
Smad2,UP,Q15796,,,,
smad2,UP,Q15796,,,,
Smad2/3,FPLX,SMAD2_3,,,,
Smad3,UP,P84022,,,,
Smad4,UP,Q13485,,,,
small HSPs,FPLX,HSPB,,,,
SMC1,FPLX,SMC1,,,,
Smc1,FPLX,SMC1,,,,
SNAI family,FPLX,SNAI,,,,
SNAI,FPLX,SNAI,,,,
Snail,UP,O95863,,,,
SOD,FPLX,SOD,,,,
Sorafenib,PUBCHEM,216239,CHEBI,CHEBI:50924,,
sorafenib,PUBCHEM,216239,CHEBI,CHEBI:50924,,
SOS,FPLX,SOS,,,,
Sos-1,UP,Q07889,,,,
SOS1,UP,Q07889,,,,
Sos1,UP,Q07889,,,,
SOX2,UP,P48431,,,,
Sp1,UP,P08047,,,,
SP600125,PUBCHEM,8515,CHEBI,CHEBI:90695,,
SPC,CHEBI,CHEBI:17689,PUBCHEM,5280613,,
Sphingosine 1-phosphate receptor,FPLX,S1PR,,,,
sphingosine-1-phosphate receptors,FPLX,S1PR,,,,
SPRED,FPLX,SPRED,,,,
SPRY,FPLX,SPRY,,,,
SR Ca(2+)-ATPase,FPLX,SERCA,,,,
Src family kinase,FPLX,SRC,,,,
SRC,UP,P12931,,,,
Src,UP,P12931,,,,
Src-kinases,FPLX,SRC,,,,
SREBF family,FPLX,SREBF,,,,
SREBF,FPLX,SREBF,,,,
SRF,UP,P11831,,,,
StAR,HGNC,STAR,UP,P49675,,
STAT,FPLX,STAT,,,,
STAT1,UP,P42224,,,,
STAT3,UP,P40763,,,,
Stat3,UP,P40763,,,,
STAT5,FPLX,STAT5,,,,
Stat5,FPLX,STAT5,,,,
Staurosporine,PUBCHEM,44259,,,,
staurosporine,PUBCHEM,44259,,,,
Stearoyl-CoA desaturase,FPLX,SCD,,,,
stearoyl-CoA desaturase,FPLX,SCD,,,,
sterol regulatory element-binding factor,FPLX,SREBF,,,,
STING,UP,Q86WV6,,,,
STZ,PUBCHEM,29327,,,,
STZ,UP,Q11206,,,,
succinate dehydrogenase,FPLX,ETC_complex_II,,,,
Sulfonylurea Receptor,FPLX,Sulfonylurea_receptor,,,,
sulfonylurea receptor,FPLX,Sulfonylurea_receptor,,,,
sulfonylurea receptors,FPLX,Sulfonylurea_receptor,,,,
sulforaphane,PUBCHEM,5350,CHEBI,CHEBI:47807,,
superoxide,CHEBI,CHEBI:18421,PUBCHEM,5359597,,
SUR,FPLX,Sulfonylurea_receptor,,,,
Survivin,UP,O15392,,,,
survivin,UP,O15392,,,,
SWI and SNF complex,FPLX,SWI_SNF,,,,
SWI/SNF complex,FPLX,SWI_SNF,,,,
Syk,UP,P43405,,,,
SYNJ2,UP,O15056,,,,
T-cell factor (TCF)/lymphoid enhancer factor,FPLX,TCF_LEF,,,,
TAK1,UP,O43318,,,,
TAK165,PUBCHEM,6444692,,,,
tamoxifen,PUBCHEM,2733526,CHEBI,CHEBI:41774,,
TAP transporter,FPLX,TAP,,,,
TAP,FPLX,TAP,,,,
TAp73,UP,O15350,,,,
TAS-116,PUBCHEM,67501411,,,,
Tat,UP,P04608,,,,
tau,UP,P10636,,,,
Tax,UP,P03409,,,,
TBK1,UP,Q9UHD2,,,,
TCF,FPLX,TCF_LEF,,,,
Tcf,FPLX,TCF_LEF,,,,
Tcf/Lef,FPLX,TCF_LEF,,,,
TCR,FPLX,TCR,,,,
TDRG1,UP,Q3Y452,,,,
telomerase,UP,O14746,,,,
Temozolomide,CHEBI,CHEBI:72564,PUBCHEM,5394,,
temozolomide,CHEBI,CHEBI:72564,PUBCHEM,5394,,
Tenascin,FPLX,TN,,,,
tenascin,FPLX,TN,,,,
TFDP,FPLX,TFDP,,,,
TFIIE,FPLX,GTF2E,,,,
TFIIF,FPLX,GTF2F,,,,
TGF beta receptor,FPLX,TGFBR,,,,
TGF beta,FPLX,TGFB,,,,
TGF-alpha,UP,P01135,,,,
TGF-b,FPLX,TGFB,,,,
TGF-beta receptor,FPLX,TGFBR,,,,
TGF-beta receptors,FPLX,TGFBR,,,,
TGF-beta,FPLX,TGFB,,,,
TGF-beta1,UP,P01137,,,,
TGFalpha,UP,P01135,,,,
TGFB family,FPLX,TGFB,,,,
TGFB,FPLX,TGFB,,,,
TGFbeta,FPLX,TGFB,,,,
TGFbeta1,UP,P01137,,,,
TGFBR,FPLX,TGFBR,,,,
thapsigargin,PUBCHEM,446378,CHEBI,CHEBI:9516,,
Thioredoxin reductase,FPLX,TXNRD,,,,
thioredoxin reductase,FPLX,TXNRD,,,,
Thioredoxin,FPLX,TXN,,,,
thioredoxin,FPLX,TXN,,,,
Thioredoxin,UP,P10599,,,,
thioredoxin,UP,P10599,,,,
thioredoxins,FPLX,TXN,,,,
thrombin,IP,IPR003966,UP,P00734,,
thrombin-anti-thrombin III complexes,FPLX,Thrombin_antithrombin,,,,
thrombospondin protein,FPLX,THBS,,,,
Thrombospondin,FPLX,THBS,,,,
thrombospondin,FPLX,THBS,,,,
Thrombospondins,FPLX,THBS,,,,
thrombospondins,FPLX,THBS,,,,
thyroid hormone receptor,FPLX,THR,,,,
TIAM,FPLX,TIAM,,,,
TIAM1,UP,Q13009,,,,
Tiam1,UP,Q13009,,,,
TIAM2,UP,Q8IVF5,,,,
Tiam2,UP,Q8IVF5,,,,
TIF-IB,FPLX,TIF_IB,,,,
tipifarnib,PUBCHEM,159324,,,,
tissue kallikrein,FPLX,KLK,,,,
tissue kallikreins,FPLX,KLK,,,,
TLR,FPLX,TLR,,,,
TLR2,UP,O60603,,,,
TLR4,UP,O00206,,,,
TMZ,CHEBI,CHEBI:72564,PUBCHEM,5394,,
TN-C,FPLX,Troponin_C,,,,
TnC,FPLX,Troponin_C,,,,
TNF,UP,P01375,,,,
TNF-alpha,UP,P01375,,,,
TNF-R superfamily,FPLX,TNFRSF,,,,
TNF-receptor family,FPLX,TNFRSF,,,,
TNFalpha,UP,P01375,,,,
TNFR family,FPLX,TNFRSF,,,,
TNFR subfamily,FPLX,TNFRSF,,,,
TNFR superfamily members,FPLX,TNFRSF,,,,
TNFR superfamily receptors,FPLX,TNFRSF,,,,
TNFR superfamily,FPLX,TNFRSF,,,,
TNFR1,UP,P19438,,,,
topoisomerase II,FPLX,TOP2,,,,
TORC1,FPLX,mTORC1,,,,
TP53,UP,P04637,,,,
TPA,PUBCHEM,27924,CHEBI,CHEBI:37537,,
Tpl2,HGNC,MAP3K8,,,,
TPNI,FPLX,Troponin_I,,,,
TPNT,FPLX,Troponin_T,,,,
TQ,PUBCHEM,10281,,,,
TRAF2,UP,Q12933,,,,
TRAF3,UP,Q13114,,,,
TRAF6,UP,Q9Y4K3,,,,
TRAIL,UP,P50591,,,,
trametinib,CHEBI,CHEBI:75998,PUBCHEM,11707110,,
Transcription factor AP-2,FPLX,TFAP2,,,,
transcription factor AP-2,FPLX,TFAP2,,,,
transcription factor DP,FPLX,TFDP,,,,
transcription factor II E,FPLX,GTF2E,,,,
transcription factor II F,FPLX,GTF2F,,,,
transcription factor IIE,FPLX,GTF2E,,,,
transcription factor IIF,FPLX,GTF2F,,,,
transcription,GO,GO:0006351,MESH,D014158,,
transcriptional cofactor complex CRSP,FPLX,CRSP,,,,
transforming growth factor beta,FPLX,TGFB,,,,
transforming growth factor-beta,FPLX,TGFB,,,,
translation,GO,GO:0006412,MESH,D014176,,
transport,GO,GO:0006810,,,,
trastuzumab,MESH,D000068878,CHEMBL,1201585,,
TRiC,FPLX,CCT_complex,,,,
TRIM,UP,Q6PIZ9,,,,
Trk receptor,FPLX,NTRK,,,,
trk receptor,FPLX,NTRK,,,,
Trk receptors,FPLX,NTRK,,,,
trk receptors,FPLX,NTRK,,,,
TrkA,UP,P04629,,,,
TrkB,UP,Q16620,,,,
troponin C,FPLX,Troponin_C,,,,
troponin complex,FPLX,Troponin,,,,
troponin I,FPLX,Troponin_I,,,,
troponin T,FPLX,Troponin_T,,,,
troponin,FPLX,Troponin,,,,
troponins,FPLX,Troponin,,,,
trypsin,CHEBI,CHEBI:9765,,,,
Tryptase,FPLX,Tryptase,,,,
tryptase,FPLX,Tryptase,,,,
tryptases,FPLX,Tryptase,,,,
TSA,PUBCHEM,444732,CHEBI,CHEBI:46024,,
TSC,FPLX,TSC,,,,
TSC1,UP,Q92574,,,,
TSC2,UP,P49815,,,,
TUBA,FPLX,TUBA,,,,
TUBB,FPLX,TUBB,,,,
tuberin,UP,P49815,,,,
tubulin alpha chain,FPLX,TUBA,,,,
tubulin beta chain,FPLX,TUBB,,,,
tubulin beta,FPLX,TUBB,,,,
tubulin delta,HGNC,TUBD1,,,,
tubulin epsilon,HGNC,TUBE1,,,,
tubulin gamma,FPLX,TUBG,,,,
tubulin,FPLX,Tubulin,,,,
tumor necrosis factor,FPLX,TNF,,,,
tumorigenesis,MESH,D063646,,,,
tunicamycin,CHEBI,CHEBI:29699,PUBCHEM,56927680,,
type 2 phosphatidic acid phosphatase,FPLX,PPAP2,,,,
type 2 phosphatidic acid phosphatases,FPLX,PPAP2,,,,
type 4 cyclic nucleotide phosphodiesterase,FPLX,PDE4,,,,
Type I collagen,FPLX,COL1,,,,
type I collagen,FPLX,COL1,,,,
type II phosphatidic acid phosphatase,FPLX,PPAP2,,,,
type II phosphatidic acid phosphatases,FPLX,PPAP2,,,,
type V collagen,FPLX,COL5,,,,
type-V collagen,FPLX,COL5,,,,
U0126,PUBCHEM,3006531,CHEBI,CHEBI:90693,,
UBE2,FPLX,UBE2,,,,
ubiquitin conjugating enzyme,FPLX,UBE2,,,,
ubiquitin,FPLX,Ubiquitin,,,,
Ubiquitin,FPLX,Ubiquitin,,,,
Ub,FPLX,Ubiquitin,,,,
ub,FPLX,Ubiquitin,,,,
ubiquitin-conjugating enzymes,FPLX,UBE2,,,,
uPA,UP,P00749,,,,
uPAR,UP,Q03405,,,,
vascular endothelial growth factor,FPLX,VEGF,,,,
Vav,FPLX,VAV,,,,
Vav1,UP,P15498,,,,
VCAM-1,UP,P19320,,,,
VEGF receptor,FPLX,VEGFR,,,,
VEGF receptors,FPLX,VEGFR,,,,
VEGF,FPLX,VEGF,,,,
VEGF-A,UP,P15692,,,,
VEGFR,FPLX,VEGFR,,,,
VEGFR-2,UP,P35968,,,,
VEGFR2,UP,P35968,,,,
VEGFRs,FPLX,VEGFR,,,,
Vemurafenib,PUBCHEM,42611257,CHEBI,CHEBI:63637,,
vemurafenib,PUBCHEM,42611257,CHEBI,CHEBI:63637,,
VLDL,CHEBI,CHEBI:39027,,,,
vorinostat,PUBCHEM,5311,CHEBI,CHEBI:45716,,
VPA,PUBCHEM,3121,CHEBI,CHEBI:39867,,
Vpr,UP,P05928,,,,
Vpu,UP,P05919,,,,
WA,PUBCHEM,265237,CHEBI,CHEBI:69120,,
wild type c-Cbl,UP,P22681,,,,
WNT,FPLX,Wnt,,,,
Wnt,FPLX,Wnt,,,,
Wnt5a,UP,P41221,,,,
wogonin,PUBCHEM,5281703,CHEBI,CHEBI:10043,,
XIAP,UP,P98170,,,,
Y box binding protein,FPLX,YBX,,,,
Y-box-binding protein,FPLX,YBX,,,,
YAP,UP,P46937,,,,
YAP1,UP,P46937,,,,
YBX protein family,FPLX,YBX,,,,
ZEB1,UP,P37275,,,,
Zeb1,UP,P37275,,,,
beta-TrCP,UP,Q9Y297,,,,
"AMPK ( 1,  1,  1)",FPLX,AMPK_A1B1G1,,,,
"AMPK ( 1,  1,  2)",FPLX,AMPK_A1B1G2,,,,
"AMPK ( 1,  1,  3)",FPLX,AMPK_A1B1G3,,,,
"AMPK ( 1,  2,  1)",FPLX,AMPK_A1B2G1,,,,
"AMPK ( 1,  2,  2)",FPLX,AMPK_A1B2G2,,,,
"AMPK ( 1,  2,  3)",FPLX,AMPK_A1B2G3,,,,
"AMPK ( 2,  1,  1)",FPLX,AMPK_A2B1G1,,,,
"AMPK ( 2,  1,  2)",FPLX,AMPK_A2B1G2,,,,
"AMPK ( 2,  1,  3)",FPLX,AMPK_A2B1G3,,,,
"AMPK ( 2,  2,  1)",FPLX,AMPK_A2B2G1,,,,
"AMPK ( 2,  2,  2)",FPLX,AMPK_A2B2G2,,,,
"AMPK ( 2,  2,  3)",FPLX,AMPK_A2B2G3,,,,
"Na,K-ATPase  subunit",FPLX,ATP1B,,,,
A,UP,P05067,,,,
Acetyl-CoA synse,FPLX,Acetyl_CoA_synthetase,,,,
acetyl-CoA synse,FPLX,Acetyl_CoA_synthetase,,,,
 catenin,FPLX,CTNNA,,,,
 tubulin,FPLX,TUBA,,,,
(2)-adrenoceptors,FPLX,ADRA2,,,,
(2)-ARs,FPLX,ADRA2,,,,
-adrenergic receptor,FPLX,ADRA,,,,
-adrenoreceptor,FPLX,ADRA,,,,
-adrenoreceptors,FPLX,ADRA,,,,
-catenin,FPLX,CTNNA,,,,
111,FPLX,AMPK_A1B1G1,,,,
112,FPLX,AMPK_A1B1G2,,,,
113,FPLX,AMPK_A1B1G3,,,,
121,FPLX,AMPK_A1B2G1,,,,
122,FPLX,AMPK_A1B2G2,,,,
2-AR,FPLX,ADRA2,,,,
211,FPLX,AMPK_A2B1G1,,,,
221,FPLX,AMPK_A2B2G1,,,,
222,FPLX,AMPK_A2B2G2,,,,
223,FPLX,AMPK_A2B2G3,,,,
AMPK 111,FPLX,AMPK_A1B1G1,,,,
AMPK 112,FPLX,AMPK_A1B1G2,,,,
AMPK 113,FPLX,AMPK_A1B1G3,,,,
AMPK 121,FPLX,AMPK_A1B2G1,,,,
AMPK 122,FPLX,AMPK_A1B2G2,,,,
AMPK 123,FPLX,AMPK_A1B2G3,,,,
AMPK 211,FPLX,AMPK_A2B1G1,,,,
AMPK 212,FPLX,AMPK_A2B1G2,,,,
AMPK 213,FPLX,AMPK_A2B1G3,,,,
AMPK 221,FPLX,AMPK_A2B2G1,,,,
AMPK 222,FPLX,AMPK_A2B2G2,,,,
AMPK 223,FPLX,AMPK_A2B2G3,,,,
AMPK-1,UP,Q13131,,,,
AMPK-2,UP,P54646,,,,
AMPK,FPLX,AMPK_alpha,,,,
AMPK1 catalytic domain,UP,Q13131,,,,
AMPK1,UP,Q13131,,,,
ATPase Na+/K+ transporting subunit ,FPLX,ATP1A,,,,
ATPase Na+/K+ transporting subunit ,FPLX,ATP1A,,,,
 adrenergic receptor kinase,FPLX,ADRBK,,,,
 interferons,FPLX,IFNB,,,,
-adrenergic receptor,FPLX,ADRB,,,,
-adrenoreceptor,FPLX,ADRB,,,,
-catenin,UP,P35222,,,,
AR,FPLX,ADRB,,,,
ARK,FPLX,ADRBK,,,,
branched-chain -keto acid dehydrogenase complex,FPLX,BCKDC,,,,
branched-chain -ketoacid dehydrogenase complex,FPLX,BCKDC,,,,
C/EBP,UP,P49715,,,,
C/EBP,UP,P17676,,,,
catenin ,FPLX,CTNNA,,,,
Class 1 NF-Bs,FPLX,NFkappaB_1,,,,
class 1 NF-Bs,FPLX,NFkappaB_1,,,,
Class 2 NF-Bs,FPLX,NFkappaB_2,,,,
class 2 NF-Bs,FPLX,NFkappaB_2,,,,
Class I NF-Bs,FPLX,NFkappaB_1,,,,
class I NF-Bs,FPLX,NFkappaB_1,,,,
Class II NF-Bs,FPLX,NFkappaB_2,,,,
class II NF-Bs,FPLX,NFkappaB_2,,,,
-tubulin,HGNC,TUBD1,,,,
DNA polymerase ,FPLX,DNA_polymerase_delta,,,,
eIF2,UP,P05198,,,,
-tubulin,HGNC,TUBE1,,,,
ER,UP,P03372,,,,
G i,FPLX,G_i_alpha,,,,
G q,FPLX,G_q_alpha,,,,
G S,FPLX,G_s_alpha,,,,
G protein ,FPLX,G_beta,,,,
G protein  subunit,FPLX,G_gamma,,,,
G protein ,FPLX,G_gamma,,,,
G-(s),FPLX,G_s_alpha,,,,
G-S,FPLX,G_s_alpha,,,,
G-protein -12,FPLX,G_12_alpha,,,,
G-Protein -i,FPLX,G_i_alpha,,,,
G-Protein -q,FPLX,G_q_alpha,,,,
G-Protein -s,FPLX,G_s_alpha,,,,
G-protein ,FPLX,G_beta,,,,
G12,FPLX,G_12_alpha,,,,
Gi,FPLX,G_i_alpha,,,,
Gq,FPLX,G_q_alpha,,,,
GS,FPLX,G_s_alpha,,,,
 secretase,FPLX,Gamma_secretase,,,,
 tubulin,FPLX,TUBG,,,,
-aminobutyric-acid A receptor,FPLX,GABR,,,,
-tubulin,FPLX,TUBG,,,,
G,FPLX,G_beta,,,,
Gi  subunit,FPLX,G_i_alpha,,,,
Gi ,FPLX,G_i_alpha,,,,
Gq  subunit,FPLX,G_q_alpha,,,,
Gq ,FPLX,G_q_alpha,,,,
Gs  subunit,FPLX,G_s_alpha,,,,
Gs ,FPLX,G_s_alpha,,,,
GSK-3,UP,P49841,,,,
GSK3,UP,P49841,,,,
G_,FPLX,G_alpha,,,,
HIF-1 protein,UP,Q16665,,,,
HIF-1,UP,Q16665,,,,
HIF1 protein,UP,Q16665,,,,
HIF1,UP,Q16665,,,,
HIF,FPLX,HIF_alpha,,,,
Hif,FPLX,HIF_alpha,,,,
HIF,FPLX,HIF_beta,,,,
Hif,FPLX,HIF_beta,,,,
IFN-,FPLX,IFNA,,,,
IFN-,FPLX,IFNB,,,,
IFN-,UP,P01574,,,,
IFN-,UP,P01579,,,,
IFN,FPLX,IFNA,,,,
IFN,UP,P01579,,,,
IGF-1R,UP,P08069,,,,
IB kinase,FPLX,IKK_family,,,,
IB,FPLX,IKB,,,,
IB-,HGNC,NFKBIA,,,,
IB,UP,P25963,,,,
IKK,UP,O15111,,,,
IKK,UP,O14920,,,,
IL-1,UP,P01584,,,,
Interferon ,FPLX,IFNB,,,,
interferon ,FPLX,IFNB,,,,
interferon  receptor,FPLX,Interferon_gamma_receptor,,,,
interferon- receptor,FPLX,Interferon_gamma_receptor,,,,
long-chain acyl-CoA synse,FPLX,ACSL,,,,
Na/K ATPase ,FPLX,ATP1A,,,,
NF-B Class 1,FPLX,NFkappaB_1,,,,
NF-B class 1,FPLX,NFkappaB_1,,,,
NF-B Class 2,FPLX,NFkappaB_2,,,,
NF-B class 2,FPLX,NFkappaB_2,,,,
NF-B Class I,FPLX,NFkappaB_1,,,,
NF-B class I,FPLX,NFkappaB_1,,,,
NF-B Class II,FPLX,NFkappaB_2,,,,
NF-B class II,FPLX,NFkappaB_2,,,,
NF-B complexes,FPLX,NFkappaB,,,,
NF-B dimers,FPLX,NFkappaB,,,,
NF-B Factors,FPLX,NFkappaB,,,,
NF-B factors,FPLX,NFkappaB,,,,
NF-B genes,FPLX,NFkappaB,,,,
NF-B p50,HGNC,NFKB1,,,,
NF-B p65,HGNC,RELA,UP,Q04206,,
NF-B subunits,FPLX,NFkappaB,,,,
NF-B TFs,FPLX,NFkappaB,,,,
NF-B,FPLX,NFkappaB,,,,
NF-B1,HGNC,NFKB1,,,,
NF-B2,HGNC,NFKB2,,,,
NF-,FPLX,NFkappaB,,,,
NF-Bp50,HGNC,NFKB1,,,,
NF-Bp65,HGNC,RELA,,,,
NF-Bs,FPLX,NFkappaB,,,,
NFB complexes,FPLX,NFkappaB,,,,
NFB p50,HGNC,NFKB1,,,,
NFB p65,HGNC,RELA,,,,
NFB,FPLX,NFkappaB,,,,
NFBp65,HGNC,RELA,,,,
of(2)-adrenoceptor,FPLX,ADRA2,,,,
p110,UP,P42336,,,,
p110,UP,P42338,,,,
p85,UP,P27986,,,,
PDGFR-,FPLX,PDGFR_AA,,,,
PDGFR-,FPLX,PDGFR_AB,,,,
PDGFR-,FPLX,PDGFR_BB,,,,
PDGFR,UP,P16234,,,,
PDGFR,FPLX,PDGFR_AA,,,,
PDGFR,FPLX,PDGFR_AB,,,,
PDGFR,UP,P09619,,,,
PDGFR,FPLX,PDGFR_BB,,,,
PGC-1,UP,Q9UBK2,,,,
Phospholipase C-,FPLX,PLCB,,,,
phospholipase C-,FPLX,PLCB,,,,
Phospholipase C-,FPLX,PLCD,,,,
phospholipase C-,FPLX,PLCD,,,,
Phospholipase C,FPLX,PLCB,,,,
phospholipase C,FPLX,PLCB,,,,
Phospholipase C,FPLX,PLCD,,,,
phospholipase C,FPLX,PLCD,,,,
PKC,UP,P17252,,,,
PKC,UP,Q05655,,,,
PKC,UP,Q02156,,,,
PLC-,FPLX,PLCG,,,,
PLC-1,UP,P19174,,,,
PLC1,UP,P19174,,,,
Pol ,FPLX,DNA_polymerase_delta,,,,
pol ,FPLX,DNA_polymerase_delta,,,,
PPAR-,UP,P37231,,,,
PPAR,UP,P37231,,,,
TGF  receptor,FPLX,TGFBR,,,,
TGF ,FPLX,TGFB,,,,
TGF,FPLX,TGFB,,,,
TGF-,UP,P01135,,,,
TGF- receptor,FPLX,TGFBR,,,,
TGF- receptors,FPLX,TGFBR,,,,
TGF-,FPLX,TGFB,,,,
TGF-1,UP,P01137,,,,
TGF,UP,P01135,,,,
TGF,FPLX,TGFB,,,,
TGF1,UP,P01137,,,,
TNF-,UP,P01375,,,,
TNF,UP,P01375,,,,
transforming growth factor ,FPLX,TGFB,,,,
transforming growth factor-,FPLX,TGFB,,,,
tubulin  chain,FPLX,TUBA,,,,
tubulin  chain,FPLX,TUBB,,,,
tubulin ,FPLX,TUBB,,,,
tubulin ,HGNC,TUBD1,,,,
tubulin ,HGNC,TUBE1,,,,
tubulin ,FPLX,TUBG,,,,
-TrCP,UP,Q9Y297,,,,
