HGNC,EIF4EBP1,isa,FPLX,EIF4EBP
HGNC,EIF4EBP2,isa,FPLX,EIF4EBP
HGNC,EIF4EBP3,isa,FPLX,EIF4EBP
HGNC,ACTA1,isa,FPLX,Actin
HGNC,ACTA2,isa,FPLX,Actin
HGNC,ACTB,isa,FPLX,Actin
HGNC,ACTC1,isa,FPLX,Actin
HGNC,ACTG1,isa,FPLX,Actin
HGNC,ACTG2,isa,FPLX,Actin
FPLX,Activin_A,isa,FPLX,Activin
FPLX,Activin_AB,isa,FPLX,Activin
FPLX,Activin_B,isa,FPLX,Activin
FPLX,Inhibin_A,isa,FPLX,Inhibin
FPLX,Inhibin_B,isa,FPLX,Inhibin
HGNC,INHBA,partof,FPLX,Activin_A
HGNC,INHBA,partof,FPLX,Activin_AB
HGNC,INHBB,partof,FPLX,Activin_AB
HGNC,INHBB,partof,FPLX,Activin_B
HGNC,INHA,partof,FPLX,Inhibin_A
HGNC,INHBA,partof,FPLX,Inhibin_A
HGNC,INHA,partof,FPLX,Inhibin_B
HGNC,INHBB,partof,FPLX,Inhibin_B
HGNC,AKT1,isa,FPLX,AKT
HGNC,AKT2,isa,FPLX,AKT
HGNC,AKT3,isa,FPLX,AKT
FPLX,AMPK_alpha,partof,FPLX,AMPK
FPLX,AMPK_beta,partof,FPLX,AMPK
FPLX,AMPK_gamma,partof,FPLX,AMPK
HGNC,PRKAA1,isa,FPLX,AMPK_alpha
HGNC,PRKAA2,isa,FPLX,AMPK_alpha
HGNC,PRKAB1,isa,FPLX,AMPK_beta
HGNC,PRKAB2,isa,FPLX,AMPK_beta
HGNC,PRKAG1,isa,FPLX,AMPK_gamma
HGNC,PRKAG2,isa,FPLX,AMPK_gamma
HGNC,PRKAG3,isa,FPLX,AMPK_gamma
FPLX,AMPK_A1B1G1,isa,FPLX,AMPK
HGNC,PRKAA1,partof,FPLX,AMPK_A1B1G1
HGNC,PRKAB1,partof,FPLX,AMPK_A1B1G1
HGNC,PRKAG1,partof,FPLX,AMPK_A1B1G1
FPLX,AMPK_A1B1G2,isa,FPLX,AMPK
HGNC,PRKAA1,partof,FPLX,AMPK_A1B1G2
HGNC,PRKAB1,partof,FPLX,AMPK_A1B1G2
HGNC,PRKAG2,partof,FPLX,AMPK_A1B1G2
FPLX,AMPK_A1B1G3,isa,FPLX,AMPK
HGNC,PRKAA1,partof,FPLX,AMPK_A1B1G3
HGNC,PRKAB1,partof,FPLX,AMPK_A1B1G3
HGNC,PRKAG3,partof,FPLX,AMPK_A1B1G3
FPLX,AMPK_A1B2G1,isa,FPLX,AMPK
HGNC,PRKAA1,partof,FPLX,AMPK_A1B2G1
HGNC,PRKAB2,partof,FPLX,AMPK_A1B2G1
HGNC,PRKAG1,partof,FPLX,AMPK_A1B2G1
FPLX,AMPK_A1B2G2,isa,FPLX,AMPK
HGNC,PRKAA1,partof,FPLX,AMPK_A1B2G2
HGNC,PRKAB2,partof,FPLX,AMPK_A1B2G2
HGNC,PRKAG2,partof,FPLX,AMPK_A1B2G2
FPLX,AMPK_A1B2G3,isa,FPLX,AMPK
HGNC,PRKAA1,partof,FPLX,AMPK_A1B2G3
HGNC,PRKAB2,partof,FPLX,AMPK_A1B2G3
HGNC,PRKAG3,partof,FPLX,AMPK_A1B2G3
FPLX,AMPK_A2B1G1,isa,FPLX,AMPK
HGNC,PRKAA2,partof,FPLX,AMPK_A2B1G1
HGNC,PRKAB1,partof,FPLX,AMPK_A2B1G1
HGNC,PRKAG1,partof,FPLX,AMPK_A2B1G1
FPLX,AMPK_A2B1G2,isa,FPLX,AMPK
HGNC,PRKAA2,partof,FPLX,AMPK_A2B1G2
HGNC,PRKAB1,partof,FPLX,AMPK_A2B1G2
HGNC,PRKAG2,partof,FPLX,AMPK_A2B1G2
FPLX,AMPK_A2B1G3,isa,FPLX,AMPK
HGNC,PRKAA2,partof,FPLX,AMPK_A2B1G3
HGNC,PRKAB1,partof,FPLX,AMPK_A2B1G3
HGNC,PRKAG3,partof,FPLX,AMPK_A2B1G3
FPLX,AMPK_A2B2G1,isa,FPLX,AMPK
HGNC,PRKAA2,partof,FPLX,AMPK_A2B2G1
HGNC,PRKAB2,partof,FPLX,AMPK_A2B2G1
HGNC,PRKAG1,partof,FPLX,AMPK_A2B2G1
FPLX,AMPK_A2B2G2,isa,FPLX,AMPK
HGNC,PRKAA2,partof,FPLX,AMPK_A2B2G2
HGNC,PRKAB2,partof,FPLX,AMPK_A2B2G2
HGNC,PRKAG2,partof,FPLX,AMPK_A2B2G2
FPLX,AMPK_A2B2G3,isa,FPLX,AMPK
HGNC,PRKAA2,partof,FPLX,AMPK_A2B2G3
HGNC,PRKAB2,partof,FPLX,AMPK_A2B2G3
HGNC,PRKAG3,partof,FPLX,AMPK_A2B2G3
HGNC,FOS,isa,FPLX,FOS_family
HGNC,FOSB,isa,FPLX,FOS_family
HGNC,FOSL1,isa,FPLX,FOS_family
HGNC,FOSL2,isa,FPLX,FOS_family
FPLX,FOS_family,partof,FPLX,AP1
HGNC,JUN,isa,FPLX,JUN_family
HGNC,JUNB,isa,FPLX,JUN_family
HGNC,JUND,isa,FPLX,JUN_family
FPLX,JUN_family,partof,FPLX,AP1
HGNC,CASP1,isa,FPLX,Caspase
HGNC,CASP2,isa,FPLX,Caspase
HGNC,CASP3,isa,FPLX,Caspase_3_7
HGNC,CASP4,isa,FPLX,Caspase
HGNC,CASP5,isa,FPLX,Caspase
HGNC,CASP6,isa,FPLX,Caspase
HGNC,CASP7,isa,FPLX,Caspase_3_7
HGNC,CASP8,isa,FPLX,Caspase
HGNC,CASP9,isa,FPLX,Caspase
HGNC,CASP10,isa,FPLX,Caspase
HGNC,CASP12,isa,FPLX,Caspase
HGNC,CASP14,isa,FPLX,Caspase
FPLX,Caspase_3_7,isa,FPLX,Caspase
HGNC,CD3D,partof,FPLX,CD3
HGNC,CD3E,partof,FPLX,CD3
HGNC,CD3G,partof,FPLX,CD3
HGNC,CDKL1,isa,FPLX,CDK
HGNC,CDKL2,isa,FPLX,CDK
HGNC,CDKL3,isa,FPLX,CDK
HGNC,CDKL4,isa,FPLX,CDK
HGNC,CDKL5,isa,FPLX,CDK
HGNC,CDK1,isa,FPLX,CDK
HGNC,CDK2,isa,FPLX,CDK
HGNC,CDK3,isa,FPLX,CDK
HGNC,CDK4,isa,FPLX,CDK
HGNC,CDK5,isa,FPLX,CDK
HGNC,CDK6,isa,FPLX,CDK
HGNC,CDK7,isa,FPLX,CDK
HGNC,CDK8,isa,FPLX,CDK
HGNC,CDK9,isa,FPLX,CDK
HGNC,CDK10,isa,FPLX,CDK
HGNC,CDK11A,isa,FPLX,CDK
HGNC,CDK11B,isa,FPLX,CDK
HGNC,CDK12,isa,FPLX,CDK
HGNC,CDK13,isa,FPLX,CDK
HGNC,CDK14,isa,FPLX,CDK
HGNC,CDK15,isa,FPLX,CDK
HGNC,CDK16,isa,FPLX,CDK
HGNC,CDK17,isa,FPLX,CDK
HGNC,CDK18,isa,FPLX,CDK
HGNC,CDK19,isa,FPLX,CDK
HGNC,CDK20,isa,FPLX,CDK
HGNC,CSNK2A1,isa,FPLX,CSNK2
HGNC,CSNK2A2,isa,FPLX,CSNK2
HGNC,CSNK2A1,partof,FPLX,CK2
HGNC,CSNK2A2,partof,FPLX,CK2
HGNC,CSNK2B,partof,FPLX,CK2
HGNC,CSNK1A1,isa,FPLX,CSNK1
HGNC,CSNK1A1L,isa,FPLX,CSNK1
HGNC,CSNK1D,isa,FPLX,CSNK1
HGNC,CSNK1E,isa,FPLX,CSNK1
HGNC,CSNK1G1,isa,FPLX,CSNK1
HGNC,CSNK1G2,isa,FPLX,CSNK1
HGNC,CSNK1G3,isa,FPLX,CSNK1
HGNC,CFL1,isa,FPLX,Cofilin
HGNC,CFL2,isa,FPLX,Cofilin
HGNC,DSTN,isa,FPLX,Cofilin
HGNC,CREB1,isa,FPLX,CREB
HGNC,ATF2,isa,FPLX,CREB
HGNC,CREB3,isa,FPLX,CREB
HGNC,CREB5,isa,FPLX,CREB
HGNC,CREB3L1,isa,FPLX,CREB
HGNC,CREB3L2,isa,FPLX,CREB
HGNC,CREB3L3,isa,FPLX,CREB
HGNC,CREB3L4,isa,FPLX,CREB
HGNC,CCNA1,isa,FPLX,Cyclin_A
HGNC,CCNA2,isa,FPLX,Cyclin_A
HGNC,CCNB1,isa,FPLX,Cyclin
HGNC,CCNB2,isa,FPLX,Cyclin
HGNC,CCNB3,isa,FPLX,Cyclin
HGNC,CCNC,isa,FPLX,Cyclin
HGNC,CCND1,isa,FPLX,Cyclin_D
HGNC,CCND2,isa,FPLX,Cyclin_D
HGNC,CCND3,isa,FPLX,Cyclin_D
HGNC,CCNE1,isa,FPLX,Cyclin_E
HGNC,CCNE2,isa,FPLX,Cyclin_E
HGNC,CCNF,isa,FPLX,Cyclin
HGNC,CCNG1,isa,FPLX,Cyclin
HGNC,CCNG2,isa,FPLX,Cyclin
HGNC,CCNH,isa,FPLX,Cyclin
HGNC,CCNI,isa,FPLX,Cyclin
HGNC,CCNI2,isa,FPLX,Cyclin
HGNC,CCNJ,isa,FPLX,Cyclin
HGNC,CCNJL,isa,FPLX,Cyclin
HGNC,CCNK,isa,FPLX,Cyclin
HGNC,CCNL1,isa,FPLX,Cyclin
HGNC,CCNL2,isa,FPLX,Cyclin
HGNC,CCNO,isa,FPLX,Cyclin
HGNC,CCNT1,isa,FPLX,Cyclin
HGNC,CCNT2,isa,FPLX,Cyclin
HGNC,CCNY,isa,FPLX,Cyclin
HGNC,CCNYL1,isa,FPLX,Cyclin
HGNC,CCNYL3,isa,FPLX,Cyclin
FPLX,Cyclin_A,isa,FPLX,Cyclin
FPLX,Cyclin_D,isa,FPLX,Cyclin
FPLX,Cyclin_E,isa,FPLX,Cyclin
HGNC,MAPK1,isa,FPLX,ERK
HGNC,MAPK3,isa,FPLX,ERK
FPLX,ERK,isa,FPLX,MAPK
FPLX,F_actin,isa,FPLX,Actin
HGNC,FGFR1,isa,FPLX,FGFR
HGNC,FGFR2,isa,FPLX,FGFR
HGNC,FGFR3,isa,FPLX,FGFR
HGNC,FGFR4,isa,FPLX,FGFR
HGNC,FGFRL1,isa,FPLX,FGFR
HGNC,GSK3A,isa,FPLX,GSK3
HGNC,GSK3B,isa,FPLX,GSK3
HGNC,HDAC1,isa,FPLX,HDAC_I
HGNC,HDAC2,isa,FPLX,HDAC_I
HGNC,HDAC3,isa,FPLX,HDAC_I
HGNC,HDAC8,isa,FPLX,HDAC_I
HGNC,HDAC4,isa,FPLX,HDAC_II
HGNC,HDAC5,isa,FPLX,HDAC_II
HGNC,HDAC7,isa,FPLX,HDAC_II
HGNC,HDAC9,isa,FPLX,HDAC_II
HGNC,HDAC6,isa,FPLX,HDAC_II
HGNC,HDAC10,isa,FPLX,HDAC_II
HGNC,SIRT1,isa,FPLX,HDAC_III
HGNC,SIRT2,isa,FPLX,HDAC_III
HGNC,SIRT3,isa,FPLX,HDAC_III
HGNC,SIRT4,isa,FPLX,HDAC_III
HGNC,SIRT5,isa,FPLX,HDAC_III
HGNC,SIRT6,isa,FPLX,HDAC_III
HGNC,SIRT7,isa,FPLX,HDAC_III
HGNC,HDAC11,isa,FPLX,HDAC_IV
FPLX,HDAC_I,isa,FPLX,HDAC
FPLX,HDAC_II,isa,FPLX,HDAC
FPLX,HDAC_III,isa,FPLX,HDAC
FPLX,HDAC_IV,isa,FPLX,HDAC
HGNC,HIF1A,partof,FPLX,HIF1
HGNC,ARNT,partof,FPLX,HIF1
HGNC,HIF1A,isa,FPLX,HIF_alpha
HGNC,EPAS1,isa,FPLX,HIF_alpha
HGNC,HIF3A,isa,FPLX,HIF_alpha
HGNC,ARNT,isa,FPLX,HIF_beta
HGNC,ARNT2,isa,FPLX,HIF_beta
HGNC,ARNTL,isa,FPLX,HIF_beta
FPLX,HIF_alpha,partof,FPLX,HIF
FPLX,HIF_beta,partof,FPLX,HIF
FPLX,HSP90A,isa,FPLX,HSP90
FPLX,HSP90AA,isa,FPLX,HSP90A
HGNC,HSP90AA1,isa,FPLX,HSP90AA
HGNC,HSP90AB1,isa,FPLX,HSP90A
HGNC,HSP90B1,isa,FPLX,HSP90
HGNC,TRAP1,isa,FPLX,HSP90
FPLX,Histone_H1,isa,FPLX,Histone
FPLX,Histone_H2A,isa,FPLX,Histone
FPLX,Histone_H2B,isa,FPLX,Histone
FPLX,Histone_H3,isa,FPLX,Histone
FPLX,Histone_H4,isa,FPLX,Histone
HGNC,H1F0,isa,FPLX,Histone_H1
HGNC,H1FOO,isa,FPLX,Histone_H1
HGNC,H1FX,isa,FPLX,Histone_H1
HGNC,HIST1H1A,isa,FPLX,Histone_H1
HGNC,HIST1H1B,isa,FPLX,Histone_H1
HGNC,HIST1H1C,isa,FPLX,Histone_H1
HGNC,HIST1H1D,isa,FPLX,Histone_H1
HGNC,HIST1H1E,isa,FPLX,Histone_H1
HGNC,HIST1H1T,isa,FPLX,Histone_H1
HGNC,H1FNT,isa,FPLX,Histone_H1
UP,P0C0S8,isa,FPLX,Histone_H2A
HGNC,H2AFB1,isa,FPLX,Histone_H2A
UP,P0C5Y9,isa,FPLX,Histone_H2A
HGNC,H2AFJ,isa,FPLX,Histone_H2A
HGNC,H2AFV,isa,FPLX,Histone_H2A
HGNC,H2AFX,isa,FPLX,Histone_H2A
HGNC,H2AFY,isa,FPLX,Histone_H2A
HGNC,H2AFY2,isa,FPLX,Histone_H2A
HGNC,H2AFZ,isa,FPLX,Histone_H2A
HGNC,HIST1H2AA,isa,FPLX,Histone_H2A
HGNC,HIST1H2AC,isa,FPLX,Histone_H2A
HGNC,HIST1H2AD,isa,FPLX,Histone_H2A
HGNC,HIST1H2AH,isa,FPLX,Histone_H2A
HGNC,HIST1H2AJ,isa,FPLX,Histone_H2A
HGNC,HIST2H2AB,isa,FPLX,Histone_H2A
HGNC,HIST2H2AC,isa,FPLX,Histone_H2A
HGNC,HIST3H2A,isa,FPLX,Histone_H2A
UP,P04908,isa,FPLX,Histone_H2A
UP,Q6FI13,isa,FPLX,Histone_H2A
UP,P62807,isa,FPLX,Histone_H2B
HGNC,HIST1H2BA,isa,FPLX,Histone_H2B
HGNC,HIST1H2BB,isa,FPLX,Histone_H2B
HGNC,HIST1H2BD,isa,FPLX,Histone_H2B
HGNC,HIST1H2BH,isa,FPLX,Histone_H2B
HGNC,HIST1H2BJ,isa,FPLX,Histone_H2B
HGNC,HIST1H2BK,isa,FPLX,Histone_H2B
HGNC,HIST1H2BL,isa,FPLX,Histone_H2B
HGNC,HIST1H2BM,isa,FPLX,Histone_H2B
HGNC,HIST1H2BN,isa,FPLX,Histone_H2B
HGNC,HIST1H2BO,isa,FPLX,Histone_H2B
HGNC,HIST2H2BC,isa,FPLX,Histone_H2B
HGNC,HIST2H2BD,isa,FPLX,Histone_H2B
HGNC,HIST2H2BE,isa,FPLX,Histone_H2B
HGNC,HIST2H2BF,isa,FPLX,Histone_H2B
HGNC,HIST3H2BB,isa,FPLX,Histone_H2B
HGNC,H2BFS,isa,FPLX,Histone_H2B
HGNC,H2BFM,isa,FPLX,Histone_H2B
HGNC,H2BFWT,isa,FPLX,Histone_H2B
UP,P68431,isa,FPLX,Histone_H3
UP,Q71DI3,isa,FPLX,Histone_H3
HGNC,HIST3H3,isa,FPLX,Histone_H3
UP,P84243,isa,FPLX,Histone_H3
HGNC,H3F3C,isa,FPLX,Histone_H3
UP,P62805,isa,FPLX,Histone_H4
HGNC,HIST1H4G,isa,FPLX,Histone_H4
HGNC,STAT1,isa,FPLX,STAT
HGNC,STAT2,isa,FPLX,STAT
HGNC,STAT3,isa,FPLX,STAT
HGNC,STAT4,isa,FPLX,STAT
HGNC,STAT5A,isa,FPLX,STAT5
HGNC,STAT5B,isa,FPLX,STAT5
HGNC,STAT6,isa,FPLX,STAT
FPLX,STAT5,isa,FPLX,STAT
HGNC,PDGFA,isa,FPLX,PDGF
HGNC,PDGFB,isa,FPLX,PDGF
HGNC,PDGFC,isa,FPLX,PDGF
HGNC,PDGFD,isa,FPLX,PDGF
HGNC,PDGFA,partof,FPLX,PDGF_AA
HGNC,PDGFA,partof,FPLX,PDGF_AB
HGNC,PDGFB,partof,FPLX,PDGF_AB
HGNC,PDGFB,partof,FPLX,PDGF_BB
HGNC,PDGFC,partof,FPLX,PDGF_CC
HGNC,PDGFD,partof,FPLX,PDGF_DD
HGNC,PDGFRA,isa,FPLX,PDGFR
HGNC,PDGFRB,isa,FPLX,PDGFR
HGNC,PDGFRA,partof,FPLX,PDGFR_AA
HGNC,PDGFRA,partof,FPLX,PDGFR_AB
HGNC,PDGFRB,partof,FPLX,PDGFR_AB
HGNC,PDGFRB,partof,FPLX,PDGFR_BB
HGNC,GNAO1,isa,FPLX,G_i_alpha
HGNC,GNAI1,isa,FPLX,G_i_alpha
HGNC,GNAI2,isa,FPLX,G_i_alpha
HGNC,GNAI3,isa,FPLX,G_i_alpha
HGNC,GNAT1,isa,FPLX,G_i_alpha
HGNC,GNAT2,isa,FPLX,G_i_alpha
HGNC,GNAT3,isa,FPLX,G_i_alpha
HGNC,GNAZ,isa,FPLX,G_i_alpha
HGNC,GNAS,isa,FPLX,G_s_alpha
HGNC,GNAL,isa,FPLX,G_s_alpha
HGNC,GNAQ,isa,FPLX,G_q_alpha
HGNC,GNA11,isa,FPLX,G_q_alpha
HGNC,GNA14,isa,FPLX,G_q_alpha
HGNC,GNA15,isa,FPLX,G_q_alpha
HGNC,GNA12,isa,FPLX,G_12_alpha
HGNC,GNA13,isa,FPLX,G_12_alpha
FPLX,G_i_alpha,isa,FPLX,G_alpha
FPLX,G_s_alpha,isa,FPLX,G_alpha
FPLX,G_q_alpha,isa,FPLX,G_alpha
FPLX,G_12_alpha,isa,FPLX,G_alpha
FPLX,G_i_alpha,partof,FPLX,G_i
FPLX,G_s_alpha,partof,FPLX,G_s
FPLX,G_q_alpha,partof,FPLX,G_q
FPLX,G_12_alpha,partof,FPLX,G_12
FPLX,G_i,isa,FPLX,G_protein
FPLX,G_s,isa,FPLX,G_protein
FPLX,G_q,isa,FPLX,G_protein
FPLX,G_12,isa,FPLX,G_protein
HGNC,ANAPC2,partof,FPLX,APC_C
HGNC,ANAPC11,partof,FPLX,APC_C
HGNC,ANAPC1,partof,FPLX,APC_C
HGNC,CDC16,partof,FPLX,APC_C
HGNC,CDC27,partof,FPLX,APC_C
HGNC,CDC23,partof,FPLX,APC_C
HGNC,ANAPC5,partof,FPLX,APC_C
HGNC,ANAPC10,partof,FPLX,APC_C
HGNC,ANAPC15,partof,FPLX,APC_C
HGNC,ANAPC13,partof,FPLX,APC_C
HGNC,CDC26,partof,FPLX,APC_C
HGNC,ANAPC16,partof,FPLX,APC_C
HGNC,ANAPC7,partof,FPLX,APC_C
HGNC,ANAPC4,partof,FPLX,APC_C
HGNC,EGFR,isa,FPLX,ERBB
HGNC,ERBB2,isa,FPLX,ERBB
HGNC,ERBB3,isa,FPLX,ERBB
HGNC,ERBB4,isa,FPLX,ERBB
HGNC,EIF4G1,isa,FPLX,EIF4G
HGNC,EIF4G2,isa,FPLX,EIF4G
HGNC,EIF4G3,isa,FPLX,EIF4G
HGNC,NFATC1,isa,FPLX,NFAT
HGNC,NFATC2,isa,FPLX,NFAT
HGNC,NFATC3,isa,FPLX,NFAT
HGNC,NFATC4,isa,FPLX,NFAT
HGNC,NFAT5,isa,FPLX,NFAT
HGNC,GYS1,isa,FPLX,GYS
HGNC,GYS2,isa,FPLX,GYS
HGNC,TUBA1A,isa,FPLX,TUBA
HGNC,TUBA1B,isa,FPLX,TUBA
HGNC,TUBA1C,isa,FPLX,TUBA
HGNC,TUBA3C,isa,FPLX,TUBA
HGNC,TUBA3D,isa,FPLX,TUBA
HGNC,TUBA3E,isa,FPLX,TUBA
HGNC,TUBA4A,isa,FPLX,TUBA
HGNC,TUBA8,isa,FPLX,TUBA
HGNC,TUBAL3,isa,FPLX,TUBA
HGNC,TUBB,isa,FPLX,TUBB
HGNC,TUBB1,isa,FPLX,TUBB
HGNC,TUBB2A,isa,FPLX,TUBB
HGNC,TUBB2B,isa,FPLX,TUBB
HGNC,TUBB3,isa,FPLX,TUBB
HGNC,TUBB4A,isa,FPLX,TUBB
HGNC,TUBB4B,isa,FPLX,TUBB
HGNC,TUBB6,isa,FPLX,TUBB
HGNC,TUBG1,isa,FPLX,TUBG
HGNC,TUBG2,isa,FPLX,TUBG
FPLX,TUBA,isa,FPLX,Tubulin
FPLX,TUBB,isa,FPLX,Tubulin
FPLX,TUBG,isa,FPLX,Tubulin
HGNC,TUBD1,isa,FPLX,Tubulin
HGNC,TUBE1,isa,FPLX,Tubulin
HGNC,JAK1,isa,FPLX,JAK
HGNC,JAK2,isa,FPLX,JAK
HGNC,JAK3,isa,FPLX,JAK
HGNC,TYK2,isa,FPLX,JAK
HGNC,CD8A,isa,FPLX,CD8
HGNC,CD8B,isa,FPLX,CD8
HGNC,LDHA,isa,FPLX,LDH
HGNC,LDHB,isa,FPLX,LDH
HGNC,LDHC,isa,FPLX,LDH
HGNC,RPS6KA1,isa,FPLX,P90RSK
HGNC,RPS6KA2,isa,FPLX,P90RSK
HGNC,RPS6KA3,isa,FPLX,P90RSK
HGNC,RPS6KA4,isa,FPLX,P90RSK
HGNC,RPS6KA5,isa,FPLX,P90RSK
HGNC,RPS6KA6,isa,FPLX,P90RSK
HGNC,RPS6KB1,isa,FPLX,P70S6K
HGNC,RPS6KB2,isa,FPLX,P70S6K
HGNC,RPS6KB3,isa,FPLX,P70S6K
FPLX,P90RSK,isa,FPLX,RSK
FPLX,P70S6K,isa,FPLX,RSK
HGNC,RELA,isa,FPLX,NFkappaB_2
HGNC,RELB,isa,FPLX,NFkappaB_2
HGNC,REL,isa,FPLX,NFkappaB_2
HGNC,NFKB1,isa,FPLX,NFkappaB_1
HGNC,NFKB2,isa,FPLX,NFkappaB_1
FPLX,NFkappaB_1,partof,FPLX,NFkappaB
FPLX,NFkappaB_2,partof,FPLX,NFkappaB
HGNC,TLR1,isa,FPLX,TLR
HGNC,TLR2,isa,FPLX,TLR
HGNC,TLR3,isa,FPLX,TLR
HGNC,TLR4,isa,FPLX,TLR
HGNC,TLR5,isa,FPLX,TLR
HGNC,TLR6,isa,FPLX,TLR
HGNC,TLR7,isa,FPLX,TLR
HGNC,TLR8,isa,FPLX,TLR
HGNC,TLR9,isa,FPLX,TLR
HGNC,TLR10,isa,FPLX,TLR
HGNC,ARID1A,partof,FPLX,SWI_SNF
HGNC,ARID1B,partof,FPLX,SWI_SNF
HGNC,SMARCA1,partof,FPLX,SWI_SNF
HGNC,SMARCA2,partof,FPLX,SWI_SNF
HGNC,SMARCA4,partof,FPLX,SWI_SNF
HGNC,SMARCA5,partof,FPLX,SWI_SNF
HGNC,SMARCB1,partof,FPLX,SWI_SNF
HGNC,SMARCC1,partof,FPLX,SWI_SNF
HGNC,SMARCC2,partof,FPLX,SWI_SNF
HGNC,SMARCD1,partof,FPLX,SWI_SNF
HGNC,SMARCD2,partof,FPLX,SWI_SNF
HGNC,SMARCD3,partof,FPLX,SWI_SNF
HGNC,SMARCE1,partof,FPLX,SWI_SNF
HGNC,ACTL6A,partof,FPLX,SWI_SNF
HGNC,ACTL6B,partof,FPLX,SWI_SNF
HGNC,HLTF,partof,FPLX,SWI_SNF
HGNC,BMP1,isa,FPLX,BMP
HGNC,BMP2,isa,FPLX,BMP
HGNC,BMP3,isa,FPLX,BMP
HGNC,BMP4,isa,FPLX,BMP
HGNC,BMP5,isa,FPLX,BMP
HGNC,BMP6,isa,FPLX,BMP
HGNC,BMP7,isa,FPLX,BMP
HGNC,BMP8A,isa,FPLX,BMP
HGNC,BMP8B,isa,FPLX,BMP
HGNC,BMP10,isa,FPLX,BMP
HGNC,BMP15,isa,FPLX,BMP
HGNC,IL12A,isa,FPLX,IL12
HGNC,IL12B,isa,FPLX,IL12
HGNC,IL1A,isa,FPLX,IL1
HGNC,IL1B,isa,FPLX,IL1
HGNC,SOD1,isa,FPLX,SOD
HGNC,SOD2,isa,FPLX,SOD
HGNC,SOD3,isa,FPLX,SOD
HGNC,TSC1,isa,FPLX,TSC
HGNC,TSC2,isa,FPLX,TSC
HGNC,FOXO1,isa,FPLX,FOXO
HGNC,FOXO3,isa,FPLX,FOXO
HGNC,FOXO4,isa,FPLX,FOXO
HGNC,FOXO6,isa,FPLX,FOXO
HGNC,MMP1,isa,FPLX,MMP
HGNC,MMP2,isa,FPLX,MMP
HGNC,MMP3,isa,FPLX,MMP
HGNC,MMP7,isa,FPLX,MMP
HGNC,MMP8,isa,FPLX,MMP
HGNC,MMP9,isa,FPLX,MMP
HGNC,MMP10,isa,FPLX,MMP
HGNC,MMP11,isa,FPLX,MMP
HGNC,MMP12,isa,FPLX,MMP
HGNC,MMP13,isa,FPLX,MMP
HGNC,MMP14,isa,FPLX,MMP
HGNC,MMP15,isa,FPLX,MMP
HGNC,MMP16,isa,FPLX,MMP
HGNC,MMP17,isa,FPLX,MMP
HGNC,MMP19,isa,FPLX,MMP
HGNC,MMP20,isa,FPLX,MMP
HGNC,MMP21,isa,FPLX,MMP
HGNC,MMP23B,isa,FPLX,MMP
HGNC,MMP24,isa,FPLX,MMP
HGNC,MMP25,isa,FPLX,MMP
HGNC,MMP25,isa,FPLX,MMP
HGNC,MMP27,isa,FPLX,MMP
HGNC,MMP28,isa,FPLX,MMP
HGNC,ACACA,partof,FPLX,ACC
HGNC,ACACB,partof,FPLX,ACC
HGNC,MAP1LC3A,isa,FPLX,MAP1LC3
HGNC,MAP1LC3B,isa,FPLX,MAP1LC3
HGNC,MAP1LC3B2,isa,FPLX,MAP1LC3
HGNC,MAP1LC3C,isa,FPLX,MAP1LC3
HGNC,IFNA1,isa,FPLX,IFNA
HGNC,IFNA2,isa,FPLX,IFNA
HGNC,IFNA4,isa,FPLX,IFNA
HGNC,IFNA5,isa,FPLX,IFNA
HGNC,IFNA6,isa,FPLX,IFNA
HGNC,IFNA7,isa,FPLX,IFNA
HGNC,IFNA8,isa,FPLX,IFNA
HGNC,IFNA10,isa,FPLX,IFNA
HGNC,IFNA13,isa,FPLX,IFNA
HGNC,IFNA14,isa,FPLX,IFNA
HGNC,IFNA16,isa,FPLX,IFNA
HGNC,IFNA17,isa,FPLX,IFNA
HGNC,IFNA21,isa,FPLX,IFNA
HGNC,IFNB1,isa,FPLX,IFNB
FPLX,IFNA,isa,FPLX,Interferon
FPLX,IFNB,isa,FPLX,Interferon
HGNC,IFNK,isa,FPLX,Interferon
HGNC,IFNW1,isa,FPLX,Interferon
HGNC,TNFRSF1A,isa,FPLX,Death_receptor
HGNC,TNFRSF1B,isa,FPLX,Death_receptor
HGNC,TNFRSF10A,isa,FPLX,Death_receptor
HGNC,TNFRSF10B,isa,FPLX,Death_receptor
HGNC,TNFRSF10C,isa,FPLX,Death_receptor
HGNC,TNFRSF10D,isa,FPLX,Death_receptor
HGNC,FAS,isa,FPLX,Death_receptor
HGNC,TNFRSF1A,isa,FPLX,TNFRSF
HGNC,TNFRSF1B,isa,FPLX,TNFRSF
HGNC,TNFRSF4,isa,FPLX,TNFRSF
HGNC,TNFRSF8,isa,FPLX,TNFRSF
HGNC,TNFRSF9,isa,FPLX,TNFRSF
HGNC,TNFRSF10A,isa,FPLX,TNFRSF
HGNC,TNFRSF10B,isa,FPLX,TNFRSF
HGNC,TNFRSF10C,isa,FPLX,TNFRSF
HGNC,TNFRSF10D,isa,FPLX,TNFRSF
HGNC,TNFRSF11A,isa,FPLX,TNFRSF
HGNC,TNFRSF11B,isa,FPLX,TNFRSF
HGNC,TNFRSF12A,isa,FPLX,TNFRSF
HGNC,TNFRSF13B,isa,FPLX,TNFRSF
HGNC,TNFRSF13C,isa,FPLX,TNFRSF
HGNC,TNFRSF14,isa,FPLX,TNFRSF
HGNC,TNFRSF17,isa,FPLX,TNFRSF
HGNC,TNFRSF18,isa,FPLX,TNFRSF
HGNC,TNFRSF19,isa,FPLX,TNFRSF
HGNC,TNFRSF21,isa,FPLX,TNFRSF
HGNC,TNFRSF25,isa,FPLX,TNFRSF
HGNC,FGF1,isa,FPLX,FGF
HGNC,FGF2,isa,FPLX,FGF
HGNC,FGF3,isa,FPLX,FGF
HGNC,FGF4,isa,FPLX,FGF
HGNC,FGF5,isa,FPLX,FGF
HGNC,FGF6,isa,FPLX,FGF
HGNC,FGF7,isa,FPLX,FGF
HGNC,FGF8,isa,FPLX,FGF
HGNC,FGF9,isa,FPLX,FGF
HGNC,FGF10,isa,FPLX,FGF
HGNC,FGF11,isa,FPLX,FGF
HGNC,FGF12,isa,FPLX,FGF
HGNC,FGF13,isa,FPLX,FGF
HGNC,FGF14,isa,FPLX,FGF
HGNC,FGF16,isa,FPLX,FGF
HGNC,FGF17,isa,FPLX,FGF
HGNC,FGF18,isa,FPLX,FGF
HGNC,FGF19,isa,FPLX,FGF
HGNC,FGF20,isa,FPLX,FGF
HGNC,FGF21,isa,FPLX,FGF
HGNC,FGF22,isa,FPLX,FGF
HGNC,FGF23,isa,FPLX,FGF
HGNC,WNT1,isa,FPLX,Wnt
HGNC,WNT2,isa,FPLX,Wnt
HGNC,WNT2B,isa,FPLX,Wnt
HGNC,WNT3,isa,FPLX,Wnt
HGNC,WNT3A,isa,FPLX,Wnt
HGNC,WNT4,isa,FPLX,Wnt
HGNC,WNT5A,isa,FPLX,Wnt
HGNC,WNT5B,isa,FPLX,Wnt
HGNC,WNT6,isa,FPLX,Wnt
HGNC,WNT7A,isa,FPLX,Wnt
HGNC,WNT7B,isa,FPLX,Wnt
HGNC,WNT8A,isa,FPLX,Wnt
HGNC,WNT8B,isa,FPLX,Wnt
HGNC,WNT9A,isa,FPLX,Wnt
HGNC,WNT9B,isa,FPLX,Wnt
HGNC,WNT10A,isa,FPLX,Wnt
HGNC,WNT10B,isa,FPLX,Wnt
HGNC,WNT11,isa,FPLX,Wnt
HGNC,WNT16,isa,FPLX,Wnt
HGNC,ARAF,isa,FPLX,RAF
HGNC,BRAF,isa,FPLX,RAF
HGNC,RAF1,isa,FPLX,RAF
FPLX,RAF,isa,FPLX,MAP3K
HGNC,MAP3K1,isa,FPLX,MAP3K
HGNC,MAP3K2,isa,FPLX,MAP3K
HGNC,MAP3K3,isa,FPLX,MAP3K
HGNC,MAP3K4,isa,FPLX,MAP3K
HGNC,MAP3K5,isa,FPLX,MAP3K
HGNC,MAP3K6,isa,FPLX,MAP3K
HGNC,MAP3K7,isa,FPLX,MAP3K
HGNC,MAP3K8,isa,FPLX,MAP3K
HGNC,MAP3K9,isa,FPLX,MAP3K
HGNC,MAP3K10,isa,FPLX,MAP3K
HGNC,MAP3K11,isa,FPLX,MAP3K
HGNC,MAP3K12,isa,FPLX,MAP3K
HGNC,MAP3K13,isa,FPLX,MAP3K
HGNC,MAP3K14,isa,FPLX,MAP3K
HGNC,MAP3K15,isa,FPLX,MAP3K
HGNC,TAOK1,isa,FPLX,MAP3K
HGNC,TAOK2,isa,FPLX,MAP3K
HGNC,TAOK3,isa,FPLX,MAP3K
HGNC,MAP3K19,isa,FPLX,MAP3K
HGNC,MAP3K20,isa,FPLX,MAP3K
HGNC,MAP3K21,isa,FPLX,MAP3K
HGNC,BRCA1,isa,FPLX,BRCA
HGNC,BRCA2,isa,FPLX,BRCA
HGNC,CNKSR1,isa,FPLX,CNKSR
HGNC,CNKSR2,isa,FPLX,CNKSR
HGNC,DUSP1,isa,FPLX,DUSP
HGNC,DUSP2,isa,FPLX,DUSP
HGNC,DUSP3,isa,FPLX,DUSP
HGNC,DUSP4,isa,FPLX,DUSP
HGNC,DUSP5,isa,FPLX,DUSP
HGNC,DUSP6,isa,FPLX,DUSP
HGNC,ETS1,isa,FPLX,ETS
HGNC,ETS2,isa,FPLX,ETS
HGNC,EXOC1,partof,FPLX,EXOC
HGNC,EXOC2,partof,FPLX,EXOC
HGNC,EXOC3,partof,FPLX,EXOC
HGNC,EXOC4,partof,FPLX,EXOC
HGNC,EXOC5,partof,FPLX,EXOC
HGNC,EXOC6,partof,FPLX,EXOC
HGNC,EXOC7,partof,FPLX,EXOC
HGNC,EXOC8,partof,FPLX,EXOC
HGNC,FANCA,isa,FPLX,FANC
HGNC,FANCB,isa,FPLX,FANC
HGNC,FANCC,isa,FPLX,FANC
HGNC,BRCA2,isa,FPLX,FANC
HGNC,FANCD2,isa,FPLX,FANC
HGNC,FANCE,isa,FPLX,FANC
HGNC,FANCF,isa,FPLX,FANC
HGNC,FANCG,isa,FPLX,FANC
HGNC,FANCI,isa,FPLX,FANC
HGNC,BRIP1,isa,FPLX,FANC
HGNC,FANCL,isa,FPLX,FANC
HGNC,FANCM,isa,FPLX,FANC
HGNC,PALB2,isa,FPLX,FANC
HGNC,RAD51C,isa,FPLX,FANC
HGNC,SLX4,isa,FPLX,FANC
HGNC,ERCC4,isa,FPLX,FANC
HGNC,RAD51,isa,FPLX,FANC
HGNC,BRCA1,isa,FPLX,FANC
HGNC,UBE2T,isa,FPLX,FANC
HGNC,XRCC2,isa,FPLX,FANC
HGNC,FNTA,partof,FPLX,FNT
HGNC,FNTB,partof,FPLX,FNT
HGNC,KRAS,isa,FPLX,RAS
HGNC,HRAS,isa,FPLX,RAS
HGNC,NRAS,isa,FPLX,RAS
HGNC,KSR1,isa,FPLX,KSR
HGNC,KSR2,isa,FPLX,KSR
HGNC,MAP2K1,isa,FPLX,MEK
HGNC,MAP2K2,isa,FPLX,MEK
FPLX,MEK,isa,FPLX,MAP2K
HGNC,MAP2K3,isa,FPLX,MAP2K
HGNC,MAP2K4,isa,FPLX,MAP2K
HGNC,MAP2K5,isa,FPLX,MAP2K
HGNC,MAP2K6,isa,FPLX,MAP2K
HGNC,MAP2K7,isa,FPLX,MAP2K
HGNC,MCM2,isa,FPLX,MCM
HGNC,MCM3,isa,FPLX,MCM
HGNC,MCM4,isa,FPLX,MCM
HGNC,MCM5,isa,FPLX,MCM
HGNC,MCM6,isa,FPLX,MCM
HGNC,MCM7,isa,FPLX,MCM
HGNC,MCM8,isa,FPLX,MCM
HGNC,MCM9,isa,FPLX,MCM
HGNC,MCMDC2,isa,FPLX,MCM
HGNC,PAK1,isa,FPLX,PAK
HGNC,PAK2,isa,FPLX,PAK
HGNC,PAK3,isa,FPLX,PAK
HGNC,PAK4,isa,FPLX,PAK
HGNC,PAK5,isa,FPLX,PAK
HGNC,PAK6,isa,FPLX,PAK
HGNC,RAC1,isa,FPLX,RAC
HGNC,RAC2,isa,FPLX,RAC
HGNC,RAC3,isa,FPLX,RAC
HGNC,RHOG,isa,FPLX,RAC
HGNC,RALA,isa,FPLX,RAL
HGNC,RALB,isa,FPLX,RAL
HGNC,RAPGEF1,isa,FPLX,RAPGEF
HGNC,RAPGEF2,isa,FPLX,RAPGEF
HGNC,RASA1,isa,FPLX,RASA
HGNC,RASA2,isa,FPLX,RASA
HGNC,RASA3,isa,FPLX,RASA
HGNC,RASAL1,isa,FPLX,RASAL
HGNC,RASAL2,isa,FPLX,RASAL
HGNC,RASAL3,isa,FPLX,RASAL
HGNC,RASGRF1,isa,FPLX,RASGRF
HGNC,RASGRF2,isa,FPLX,RASGRF
HGNC,RASGRP1,isa,FPLX,RASGRP
HGNC,RASGRP2,isa,FPLX,RASGRP
HGNC,RASGRP3,isa,FPLX,RASGRP
HGNC,RASGRP4,isa,FPLX,RASGRP
HGNC,RASSF1,isa,FPLX,RASSF
HGNC,RASSF2,isa,FPLX,RASSF
HGNC,RASSF3,isa,FPLX,RASSF
HGNC,RASSF4,isa,FPLX,RASSF
HGNC,RASSF5,isa,FPLX,RASSF
HGNC,RASSF6,isa,FPLX,RASSF
HGNC,RASSF7,isa,FPLX,RASSF
HGNC,RASSF8,isa,FPLX,RASSF
HGNC,RASSF9,isa,FPLX,RASSF
HGNC,RASSF10,isa,FPLX,RASSF
HGNC,RGL1,isa,FPLX,RGL
HGNC,RGL2,isa,FPLX,RGL
HGNC,RGL3,isa,FPLX,RGL
HGNC,RHOA,isa,FPLX,RHO
HGNC,RHOB,isa,FPLX,RHO
HGNC,RHOC,isa,FPLX,RHO
HGNC,ROCK1,isa,FPLX,ROCK
HGNC,ROCK2,isa,FPLX,ROCK
HGNC,SHC1,isa,FPLX,SHC
HGNC,SHC2,isa,FPLX,SHC
HGNC,SHC3,isa,FPLX,SHC
HGNC,SHC4,isa,FPLX,SHC
HGNC,SOS1,isa,FPLX,SOS
HGNC,SOS2,isa,FPLX,SOS
HGNC,SPRY1,isa,FPLX,SPRY
HGNC,SPRY2,isa,FPLX,SPRY
HGNC,SPRY3,isa,FPLX,SPRY
HGNC,SPRY4,isa,FPLX,SPRY
HGNC,TFDP1,isa,FPLX,TFDP
HGNC,TFDP2,isa,FPLX,TFDP
HGNC,TIAM1,isa,FPLX,TIAM
HGNC,TIAM2,isa,FPLX,TIAM
HGNC,SPRED1,isa,FPLX,SPRED
HGNC,SPRED2,isa,FPLX,SPRED
HGNC,SPRED3,isa,FPLX,SPRED
HGNC,CGA,partof,FPLX,hCG
HGNC,CGB3,partof,FPLX,hCG
HGNC,SAA1,isa,FPLX,SAA
HGNC,SAA2,isa,FPLX,SAA
HGNC,SAA4,isa,FPLX,SAA
HGNC,MAPK11,isa,FPLX,p38
HGNC,MAPK12,isa,FPLX,p38
HGNC,MAPK13,isa,FPLX,p38
HGNC,MAPK14,isa,FPLX,p38
FPLX,p38,isa,FPLX,MAPK
HGNC,SFN,isa,FPLX,p14_3_3
HGNC,YWHAB,isa,FPLX,p14_3_3
HGNC,YWHAE,isa,FPLX,p14_3_3
HGNC,YWHAG,isa,FPLX,p14_3_3
HGNC,YWHAH,isa,FPLX,p14_3_3
HGNC,YWHAQ,isa,FPLX,p14_3_3
HGNC,YWHAZ,isa,FPLX,p14_3_3
HGNC,ABCC8,isa,FPLX,Sulfonylurea_receptor
HGNC,ABCC9,isa,FPLX,Sulfonylurea_receptor
HGNC,ACAD8,isa,FPLX,ACAD
HGNC,ACAD9,isa,FPLX,ACAD
HGNC,ACADL,isa,FPLX,ACAD
HGNC,ACADM,isa,FPLX,ACAD
HGNC,ACADS,isa,FPLX,ACAD
HGNC,ACADVL,isa,FPLX,ACAD
HGNC,ACAD10,isa,FPLX,ACAD
HGNC,ACAD11,isa,FPLX,ACAD
HGNC,ACADSB,isa,FPLX,ACAD
HGNC,GCDH,isa,FPLX,ACAD
HGNC,IVD,isa,FPLX,ACAD
HGNC,SLC27A2,isa,FPLX,Acetyl_CoA_synthetase
HGNC,ACSL1,isa,FPLX,Acetyl_CoA_synthetase
HGNC,ACSL3,isa,FPLX,Acetyl_CoA_synthetase
HGNC,ACSL4,isa,FPLX,Acetyl_CoA_synthetase
HGNC,ACSL5,isa,FPLX,Acetyl_CoA_synthetase
HGNC,ACSL6,isa,FPLX,Acetyl_CoA_synthetase
HGNC,ACOX1,isa,FPLX,ACOX
HGNC,ACOX2,isa,FPLX,ACOX
HGNC,ACOX3,isa,FPLX,ACOX
HGNC,ACOXL,isa,FPLX,ACOX
HGNC,ACSL1,isa,FPLX,ACSL
HGNC,ACSL3,isa,FPLX,ACSL
HGNC,ACSL4,isa,FPLX,ACSL
HGNC,ACSL5,isa,FPLX,ACSL
HGNC,ACSL6,isa,FPLX,ACSL
HGNC,ACTN1,isa,FPLX,ACTN
HGNC,ACTN2,isa,FPLX,ACTN
HGNC,ACTN3,isa,FPLX,ACTN
HGNC,ACTN4,isa,FPLX,ACTN
HGNC,ADCY1,isa,FPLX,ADCY
HGNC,ADCY2,isa,FPLX,ADCY
HGNC,ADCY3,isa,FPLX,ADCY
HGNC,ADCY4,isa,FPLX,ADCY
HGNC,ADCY5,isa,FPLX,ADCY
HGNC,ADCY6,isa,FPLX,ADCY
HGNC,ADCY7,isa,FPLX,ADCY
HGNC,ADCY8,isa,FPLX,ADCY
HGNC,ADCY9,isa,FPLX,ADCY
HGNC,ADCY10,isa,FPLX,ADCY
HGNC,ADH1A,isa,FPLX,ADH
HGNC,ADH1B,isa,FPLX,ADH
HGNC,ADH1C,isa,FPLX,ADH
HGNC,ADH4,isa,FPLX,ADH
HGNC,ADH5,isa,FPLX,ADH
HGNC,ADH6,isa,FPLX,ADH
HGNC,ADH7,isa,FPLX,ADH
HGNC,ADHFE1,isa,FPLX,ADH
HGNC,ADRA1A,isa,FPLX,ADRA
HGNC,ADRA1B,isa,FPLX,ADRA
HGNC,ADRA1D,isa,FPLX,ADRA
HGNC,ADRA2A,isa,FPLX,ADRA
HGNC,ADRA2B,isa,FPLX,ADRA
HGNC,ADRA2C,isa,FPLX,ADRA
HGNC,ADRA2A,isa,FPLX,ADRA2
HGNC,ADRA2B,isa,FPLX,ADRA2
HGNC,ADRA2C,isa,FPLX,ADRA2
HGNC,ADRB1,isa,FPLX,ADRB
HGNC,ADRB2,isa,FPLX,ADRB
HGNC,ADRB3,isa,FPLX,ADRB
HGNC,GRK2,isa,FPLX,ADRBK
HGNC,GRK3,isa,FPLX,ADRBK
HGNC,ALDH1A1,isa,FPLX,ALDH
HGNC,ALDH1A2,isa,FPLX,ALDH
HGNC,ALDH1A3,isa,FPLX,ALDH
HGNC,ALDH2,isa,FPLX,ALDH
HGNC,ALDH3A1,isa,FPLX,ALDH
HGNC,ALDH3A2,isa,FPLX,ALDH
HGNC,ALDH3B1,isa,FPLX,ALDH
HGNC,ALDH5A1,isa,FPLX,ALDH
HGNC,ALDH7A1,isa,FPLX,ALDH
HGNC,ALDH9A1,isa,FPLX,ALDH
HGNC,ALDOA,isa,FPLX,ALDO
HGNC,ALDOB,isa,FPLX,ALDO
HGNC,ALDOC,isa,FPLX,ALDO
HGNC,APOA1,isa,FPLX,APOA
HGNC,APOA2,isa,FPLX,APOA
HGNC,APOA4,isa,FPLX,APOA
HGNC,APOA5,isa,FPLX,APOA
FPLX,APOA,isa,FPLX,Apolipoprotein
HGNC,APOE,isa,FPLX,Apolipoprotein
HGNC,ARRB1,isa,FPLX,ARRB
HGNC,ARRB2,isa,FPLX,ARRB
HGNC,ATP5MC1,isa,FPLX,ATP5G
HGNC,ATP5MC2,isa,FPLX,ATP5G
HGNC,ATP5MC3,isa,FPLX,ATP5G
HGNC,AXIN1,isa,FPLX,AXIN
HGNC,AXIN2,isa,FPLX,AXIN
HGNC,BIRC2,isa,FPLX,BIRC
HGNC,BIRC3,isa,FPLX,BIRC
HGNC,BIRC5,isa,FPLX,BIRC
HGNC,BIRC6,isa,FPLX,BIRC
HGNC,BIRC7,isa,FPLX,BIRC
HGNC,BIRC8,isa,FPLX,BIRC
HGNC,NAIP,isa,FPLX,BIRC
HGNC,XIAP,isa,FPLX,BIRC
HGNC,GDF1,isa,FPLX,BMP
HGNC,GDF2,isa,FPLX,BMP
HGNC,GDF3,isa,FPLX,BMP
HGNC,GDF5,isa,FPLX,BMP
HGNC,GDF6,isa,FPLX,BMP
HGNC,GDF7,isa,FPLX,BMP
HGNC,ACVR1,isa,FPLX,BMP_receptor_type_I
HGNC,BMPR1A,isa,FPLX,BMP_receptor_type_I
HGNC,BMPR1B,isa,FPLX,BMP_receptor_type_I
HGNC,ACVR2A,isa,FPLX,BMP_receptor_type_II
HGNC,ACVR2B,isa,FPLX,BMP_receptor_type_II
HGNC,BMPR2,isa,FPLX,BMP_receptor_type_II
HGNC,CALM1,isa,FPLX,CALM
HGNC,CALM2,isa,FPLX,CALM
HGNC,CALM3,isa,FPLX,CALM
HGNC,CAMK1,isa,FPLX,CAMK
HGNC,CAMK1D,isa,FPLX,CAMK
HGNC,CAMK1G,isa,FPLX,CAMK
HGNC,CAMK2A,isa,FPLX,CAMK2_family
HGNC,CAMK2B,isa,FPLX,CAMK2_family
HGNC,CAMK2D,isa,FPLX,CAMK2_family
HGNC,CAMK2G,isa,FPLX,CAMK2_family
HGNC,CAMK4,isa,FPLX,CAMK
FPLX,CAMK2_family,isa,FPLX,CAMK
HGNC,CAPN1,isa,FPLX,CAPN
HGNC,CAPN10,isa,FPLX,CAPN
HGNC,CAPN11,isa,FPLX,CAPN
HGNC,CAPN12,isa,FPLX,CAPN
HGNC,CAPN13,isa,FPLX,CAPN
HGNC,CAPN14,isa,FPLX,CAPN
HGNC,CAPN2,isa,FPLX,CAPN
HGNC,CAPN3,isa,FPLX,CAPN
HGNC,CAPN5,isa,FPLX,CAPN
HGNC,CAPN6,isa,FPLX,CAPN
HGNC,CAPN7,isa,FPLX,CAPN
HGNC,CAPN9,isa,FPLX,CAPN
HGNC,CAPN15,isa,FPLX,CAPN
HGNC,CAPN8,isa,FPLX,CAPN
HGNC,CES1,isa,FPLX,Carboxylesterase
HGNC,CES2,isa,FPLX,Carboxylesterase
HGNC,CES3,isa,FPLX,Carboxylesterase
HGNC,CES4A,isa,FPLX,Carboxylesterase
HGNC,CES5A,isa,FPLX,Carboxylesterase
HGNC,CAV1,isa,FPLX,CAV
HGNC,CAV2,isa,FPLX,CAV
HGNC,CAV3,isa,FPLX,CAV
HGNC,FCGR3A,isa,FPLX,CD16
HGNC,FCGR3B,isa,FPLX,CD16
HGNC,FCGR2A,isa,FPLX,CD32
HGNC,FCGR2B,isa,FPLX,CD32
HGNC,FCGR2C,isa,FPLX,CD32
HGNC,FCGR1A,isa,FPLX,CD64
HGNC,FCGR1B,isa,FPLX,CD64
HGNC,CDC25A,isa,FPLX,CDC25
HGNC,CDC25B,isa,FPLX,CDC25
HGNC,CDC25C,isa,FPLX,CDC25
HGNC,CDH1,isa,FPLX,Cadherin
HGNC,CDH10,isa,FPLX,Cadherin
HGNC,CDH11,isa,FPLX,Cadherin
HGNC,CDH12,isa,FPLX,Cadherin
HGNC,CDH13,isa,FPLX,Cadherin
HGNC,CDH15,isa,FPLX,Cadherin
HGNC,CDH16,isa,FPLX,Cadherin
HGNC,CDH17,isa,FPLX,Cadherin
HGNC,CDH18,isa,FPLX,Cadherin
HGNC,CDH19,isa,FPLX,Cadherin
HGNC,CDH2,isa,FPLX,Cadherin
HGNC,CDH20,isa,FPLX,Cadherin
HGNC,CDH22,isa,FPLX,Cadherin
HGNC,CDH24,isa,FPLX,Cadherin
HGNC,CDH3,isa,FPLX,Cadherin
HGNC,CDH4,isa,FPLX,Cadherin
HGNC,CDH5,isa,FPLX,Cadherin
HGNC,CDH6,isa,FPLX,Cadherin
HGNC,CDH7,isa,FPLX,Cadherin
HGNC,CDH8,isa,FPLX,Cadherin
HGNC,CDH9,isa,FPLX,Cadherin
HGNC,CEBPA,isa,FPLX,CEBP
HGNC,CEBPB,isa,FPLX,CEBP
HGNC,CEBPD,isa,FPLX,CEBP
HGNC,CEBPG,isa,FPLX,CEBP
HGNC,CEBPE,isa,FPLX,CEBP
HGNC,ACKR2,isa,FPLX,Chemokine_receptor
HGNC,CCR1,isa,FPLX,Chemokine_receptor
HGNC,CCR10,isa,FPLX,Chemokine_receptor
HGNC,CCR2,isa,FPLX,Chemokine_receptor
HGNC,CCR3,isa,FPLX,Chemokine_receptor
HGNC,CCR4,isa,FPLX,Chemokine_receptor
HGNC,CCR5,isa,FPLX,Chemokine_receptor
HGNC,CCR6,isa,FPLX,Chemokine_receptor
HGNC,CCR7,isa,FPLX,Chemokine_receptor
HGNC,CCR8,isa,FPLX,Chemokine_receptor
HGNC,CCR9,isa,FPLX,Chemokine_receptor
HGNC,ACKR4,isa,FPLX,Chemokine_receptor
HGNC,CCRL2,isa,FPLX,Chemokine_receptor
HGNC,CX3CR1,isa,FPLX,Chemokine_receptor
HGNC,CXCR1,isa,FPLX,Chemokine_receptor
HGNC,CXCR2,isa,FPLX,Chemokine_receptor
HGNC,CXCR3,isa,FPLX,Chemokine_receptor
HGNC,CXCR4,isa,FPLX,Chemokine_receptor
HGNC,CXCR5,isa,FPLX,Chemokine_receptor
HGNC,CXCR6,isa,FPLX,Chemokine_receptor
HGNC,ACKR3,isa,FPLX,Chemokine_receptor
HGNC,XCR1,isa,FPLX,Chemokine_receptor
HGNC,ACHE,isa,FPLX,Cholinesterase
HGNC,BCHE,isa,FPLX,Cholinesterase
HGNC,CHRM1,isa,FPLX,CHRM
HGNC,CHRM2,isa,FPLX,CHRM
HGNC,CHRM3,isa,FPLX,CHRM
HGNC,CHRM4,isa,FPLX,CHRM
HGNC,CHRM5,isa,FPLX,CHRM
HGNC,COL1A1,isa,FPLX,COL1
HGNC,COL1A2,isa,FPLX,COL1
HGNC,COL4A1,isa,FPLX,COL4
HGNC,COL4A2,isa,FPLX,COL4
HGNC,COL4A3,isa,FPLX,COL4
HGNC,COL4A4,isa,FPLX,COL4
HGNC,COL4A5,isa,FPLX,COL4
HGNC,COL4A6,isa,FPLX,COL4
HGNC,COL5A1,isa,FPLX,COL5
HGNC,COL5A2,isa,FPLX,COL5
HGNC,COL5A3,isa,FPLX,COL5
HGNC,COX4I1,isa,FPLX,COX4
HGNC,COX4I2,isa,FPLX,COX4
HGNC,COX6A1,isa,FPLX,COX6A
HGNC,COX6A2,isa,FPLX,COX6A
HGNC,COX6B1,isa,FPLX,COX6B
HGNC,COX6B2,isa,FPLX,COX6B
HGNC,COX7A1,isa,FPLX,COX7A
HGNC,COX7A2,isa,FPLX,COX7A
HGNC,COX7B,isa,FPLX,COX7B
HGNC,COX7B2,isa,FPLX,COX7B
HGNC,COX8A,isa,FPLX,COX8
HGNC,COX8C,isa,FPLX,COX8
HGNC,COX5A,partof,FPLX,COX
HGNC,COX5B,partof,FPLX,COX
FPLX,COX4,partof,FPLX,COX
FPLX,COX6A,partof,FPLX,COX
FPLX,COX6B,partof,FPLX,COX
FPLX,COX7A,partof,FPLX,COX
FPLX,COX7B,partof,FPLX,COX
FPLX,COX8,partof,FPLX,COX
HGNC,COX10,partof,FPLX,COX
HGNC,COX11,partof,FPLX,COX
HGNC,COX15,partof,FPLX,COX
HGNC,COX17,partof,FPLX,COX
HGNC,CREB1,isa,FPLX,CREB
HGNC,CREM,isa,FPLX,CREB
HGNC,ATF1,isa,FPLX,CREB
HGNC,CRISP1,isa,FPLX,CRISP
HGNC,CRISP2,isa,FPLX,CRISP
HGNC,CRISP3,isa,FPLX,CRISP
HGNC,CTNNA1,isa,FPLX,CTNNA
HGNC,CTNNA2,isa,FPLX,CTNNA
HGNC,CTNNA3,isa,FPLX,CTNNA
HGNC,CUL1,isa,FPLX,CUL
HGNC,CUL2,isa,FPLX,CUL
HGNC,CUL3,isa,FPLX,CUL
HGNC,CUL4A,isa,FPLX,CUL
HGNC,CUL4B,isa,FPLX,CUL
HGNC,CUL5,isa,FPLX,CUL
HGNC,CUL7,isa,FPLX,CUL
FPLX,CXCL_ELR_negative,isa,FPLX,Chemokine
FPLX,CXCL_ELR_positive,isa,FPLX,Chemokine
HGNC,CXCL10,isa,FPLX,CXCL_ELR_negative
HGNC,CXCL11,isa,FPLX,CXCL_ELR_negative
HGNC,CXCL12,isa,FPLX,CXCL_ELR_negative
HGNC,CXCL13,isa,FPLX,CXCL_ELR_negative
HGNC,CXCL14,isa,FPLX,CXCL_ELR_negative
HGNC,CXCL9,isa,FPLX,CXCL_ELR_negative
HGNC,PF4,isa,FPLX,CXCL_ELR_negative
HGNC,CXCL1,isa,FPLX,CXCL_ELR_positive
HGNC,CXCL2,isa,FPLX,CXCL_ELR_positive
HGNC,CXCL3,isa,FPLX,CXCL_ELR_positive
HGNC,CXCL5,isa,FPLX,CXCL_ELR_positive
HGNC,CXCL6,isa,FPLX,CXCL_ELR_positive
HGNC,CXCL8,isa,FPLX,CXCL_ELR_positive
HGNC,PPBP,isa,FPLX,CXCL_ELR_positive
HGNC,CWC27,isa,FPLX,Cyclophilin
HGNC,PPIA,isa,FPLX,Cyclophilin
HGNC,PPIB,isa,FPLX,Cyclophilin
HGNC,PPIC,isa,FPLX,Cyclophilin
HGNC,PPID,isa,FPLX,Cyclophilin
HGNC,PPIE,isa,FPLX,Cyclophilin
HGNC,PPIF,isa,FPLX,Cyclophilin
HGNC,PPIH,isa,FPLX,Cyclophilin
HGNC,PPIL1,isa,FPLX,Cyclophilin
HGNC,PPIL2,isa,FPLX,Cyclophilin
HGNC,PPIL3,isa,FPLX,Cyclophilin
HGNC,PPIL4,isa,FPLX,Cyclophilin
HGNC,PPIL6,isa,FPLX,Cyclophilin
HGNC,PPWD1,isa,FPLX,Cyclophilin
HGNC,PPIAL4A,isa,FPLX,Cyclophilin
HGNC,PPIAL4C,isa,FPLX,Cyclophilin
HGNC,PPIAL4G,isa,FPLX,Cyclophilin
HGNC,DDR1,isa,FPLX,DDR
HGNC,DDR2,isa,FPLX,DDR
HGNC,DSG1,isa,FPLX,Desmoglein
HGNC,DSG2,isa,FPLX,Desmoglein
HGNC,DSG3,isa,FPLX,Desmoglein
HGNC,DSG4,isa,FPLX,Desmoglein
HGNC,DGKA,isa,FPLX,DGK
HGNC,DGKB,isa,FPLX,DGK
HGNC,DGKD,isa,FPLX,DGK
HGNC,DGKG,isa,FPLX,DGK
HGNC,DGKH,isa,FPLX,DGK
HGNC,DGKQ,isa,FPLX,DGK
HGNC,DGKZ,isa,FPLX,DGK
HGNC,DGKE,isa,FPLX,DGK
HGNC,DGKI,isa,FPLX,DGK
HGNC,DGKK,isa,FPLX,DGK
HGNC,DNM1,isa,FPLX,DNM
HGNC,DNM2,isa,FPLX,DNM
HGNC,DNM3,isa,FPLX,DNM
HGNC,DNM3,isa,FPLX,DNM
HGNC,DRD1,isa,FPLX,DRD
HGNC,DRD2,isa,FPLX,DRD
HGNC,DRD3,isa,FPLX,DRD
HGNC,DRD4,isa,FPLX,DRD
HGNC,DRD5,isa,FPLX,DRD
HGNC,DVL1,isa,FPLX,DVL
HGNC,DVL2,isa,FPLX,DVL
HGNC,DVL3,isa,FPLX,DVL
HGNC,E2F1,isa,FPLX,E2F
HGNC,E2F2,isa,FPLX,E2F
HGNC,E2F3,isa,FPLX,E2F
HGNC,E2F4,isa,FPLX,E2F
HGNC,E2F5,isa,FPLX,E2F
HGNC,E2F6,isa,FPLX,E2F
HGNC,E2F7,isa,FPLX,E2F
HGNC,E2F8,isa,FPLX,E2F
HGNC,EDN1,isa,FPLX,EDN
HGNC,EDN2,isa,FPLX,EDN
HGNC,EDN3,isa,FPLX,EDN
HGNC,AREG,isa,FPLX,EGFR_ligand
HGNC,EGF,isa,FPLX,EGFR_ligand
HGNC,TGFA,isa,FPLX,EGFR_ligand
HGNC,HBEGF,isa,FPLX,EGFR_ligand
HGNC,BTC,isa,FPLX,EGFR_ligand
HGNC,EREG,isa,FPLX,EGFR_ligand
HGNC,EPGN,isa,FPLX,EGFR_ligand
HGNC,EGR1,isa,FPLX,EGR
HGNC,EGR2,isa,FPLX,EGR
HGNC,EGR3,isa,FPLX,EGR
HGNC,EGR4,isa,FPLX,EGR
HGNC,EIF4A1,isa,FPLX,EIF4A
HGNC,EIF4A2,isa,FPLX,EIF4A
HGNC,EIF4A3,isa,FPLX,EIF4A
HGNC,AZU1,isa,FPLX,ELA
HGNC,CELA1,isa,FPLX,ELA
HGNC,CELA2A,isa,FPLX,ELA
HGNC,CELA2B,isa,FPLX,ELA
HGNC,CELA3A,isa,FPLX,ELA
HGNC,CELA3B,isa,FPLX,ELA
HGNC,CTRC,isa,FPLX,ELA
HGNC,ELANE,isa,FPLX,ELA
HGNC,PRTN3,isa,FPLX,ELA
HGNC,ENO1,isa,FPLX,ENO
HGNC,ENO2,isa,FPLX,ENO
HGNC,ENO3,isa,FPLX,ENO
HGNC,ENO4,isa,FPLX,ENO
HGNC,EPHA1,isa,FPLX,Ephrin_receptor
HGNC,EPHA2,isa,FPLX,Ephrin_receptor
HGNC,EPHA3,isa,FPLX,Ephrin_receptor
HGNC,EPHA4,isa,FPLX,Ephrin_receptor
HGNC,EPHA5,isa,FPLX,Ephrin_receptor
HGNC,EPHA6,isa,FPLX,Ephrin_receptor
HGNC,EPHA7,isa,FPLX,Ephrin_receptor
HGNC,EPHA8,isa,FPLX,Ephrin_receptor
HGNC,EPHB1,isa,FPLX,Ephrin_receptor
HGNC,EPHB2,isa,FPLX,Ephrin_receptor
HGNC,EPHB3,isa,FPLX,Ephrin_receptor
HGNC,EPHB4,isa,FPLX,Ephrin_receptor
HGNC,EPHB6,isa,FPLX,Ephrin_receptor
HGNC,EPHA10,isa,FPLX,Ephrin_receptor
HGNC,EPN1,isa,FPLX,EPN
HGNC,EPN2,isa,FPLX,EPN
HGNC,EPN3,isa,FPLX,EPN
HGNC,CLINT1,isa,FPLX,EPN
HGNC,ESR1,isa,FPLX,ESR
HGNC,ESR2,isa,FPLX,ESR
HGNC,FLOT1,isa,FPLX,FLOT
HGNC,FLOT2,isa,FPLX,FLOT
HGNC,FLRT1,isa,FPLX,FLRT
HGNC,FLRT2,isa,FPLX,FLRT
HGNC,FLRT3,isa,FPLX,FLRT
HGNC,FZD1,isa,FPLX,FZD
HGNC,FZD10,isa,FPLX,FZD
HGNC,FZD2,isa,FPLX,FZD
HGNC,FZD3,isa,FPLX,FZD
HGNC,FZD4,isa,FPLX,FZD
HGNC,FZD5,isa,FPLX,FZD
HGNC,FZD6,isa,FPLX,FZD
HGNC,FZD7,isa,FPLX,FZD
HGNC,FZD8,isa,FPLX,FZD
HGNC,FZD9,isa,FPLX,FZD
HGNC,GABRA1,isa,FPLX,GABR
HGNC,GABRA2,isa,FPLX,GABR
HGNC,GABRA3,isa,FPLX,GABR
HGNC,GABRA4,isa,FPLX,GABR
HGNC,GABRA5,isa,FPLX,GABR
HGNC,GABRA6,isa,FPLX,GABR
HGNC,GABRB1,isa,FPLX,GABR
HGNC,GABRB2,isa,FPLX,GABR
HGNC,GABRB3,isa,FPLX,GABR
HGNC,GABRD,isa,FPLX,GABR
HGNC,GABRE,isa,FPLX,GABR
HGNC,GABRG1,isa,FPLX,GABR
HGNC,GABRG2,isa,FPLX,GABR
HGNC,GABRG3,isa,FPLX,GABR
HGNC,GABRP,isa,FPLX,GABR
HGNC,GABRQ,isa,FPLX,GABR
HGNC,GABRR1,isa,FPLX,GABR
HGNC,GABRR2,isa,FPLX,GABR
HGNC,GABRR3,isa,FPLX,GABR
HGNC,AXL,isa,FPLX,GAS6_receptor
HGNC,MERTK,isa,FPLX,GAS6_receptor
HGNC,TYRO3,isa,FPLX,GAS6_receptor
HGNC,GATA1,isa,FPLX,GATA
HGNC,GATA2,isa,FPLX,GATA
HGNC,GATA3,isa,FPLX,GATA
HGNC,GATA4,isa,FPLX,GATA
HGNC,GATA5,isa,FPLX,GATA
HGNC,GATA6,isa,FPLX,GATA
HGNC,GNB1,isa,FPLX,G_beta
HGNC,GNB2,isa,FPLX,G_beta
HGNC,GNB3,isa,FPLX,G_beta
HGNC,GNB4,isa,FPLX,G_beta
HGNC,GNB5,isa,FPLX,G_beta
HGNC,GNG10,isa,FPLX,G_gamma
HGNC,GNG11,isa,FPLX,G_gamma
HGNC,GNG12,isa,FPLX,G_gamma
HGNC,GNG13,isa,FPLX,G_gamma
HGNC,GNG2,isa,FPLX,G_gamma
HGNC,GNG3,isa,FPLX,G_gamma
HGNC,GNG4,isa,FPLX,G_gamma
HGNC,GNG5,isa,FPLX,G_gamma
HGNC,GNG7,isa,FPLX,G_gamma
HGNC,GNG8,isa,FPLX,G_gamma
HGNC,GNGT1,isa,FPLX,G_gamma
HGNC,GNGT2,isa,FPLX,G_gamma
HGNC,GPX1,isa,FPLX,GPX
HGNC,GPX2,isa,FPLX,GPX
HGNC,GPX3,isa,FPLX,GPX
HGNC,GPX4,isa,FPLX,GPX
HGNC,GPX5,isa,FPLX,GPX
HGNC,GPX6,isa,FPLX,GPX
HGNC,GPX7,isa,FPLX,GPX
HGNC,GPX8,isa,FPLX,GPX
HGNC,GRIA1,isa,FPLX,GRIA
HGNC,GRIA2,isa,FPLX,GRIA
HGNC,GRIA3,isa,FPLX,GRIA
HGNC,GRIA4,isa,FPLX,GRIA
FPLX,ADRBK,isa,FPLX,GRK
HGNC,GRK1,isa,FPLX,GRK
HGNC,GRK4,isa,FPLX,GRK
HGNC,GRK5,isa,FPLX,GRK
HGNC,GRK6,isa,FPLX,GRK
HGNC,GRK7,isa,FPLX,GRK
HGNC,GRM1,isa,FPLX,GRM
HGNC,GRM2,isa,FPLX,GRM
HGNC,GRM3,isa,FPLX,GRM
HGNC,GRM4,isa,FPLX,GRM
HGNC,GRM5,isa,FPLX,GRM
HGNC,GRM6,isa,FPLX,GRM
HGNC,GRM7,isa,FPLX,GRM
HGNC,GRM8,isa,FPLX,GRM
HGNC,GSTA1,isa,FPLX,GST
HGNC,GSTA2,isa,FPLX,GST
HGNC,GSTA3,isa,FPLX,GST
HGNC,GSTA4,isa,FPLX,GST
HGNC,GSTA5,isa,FPLX,GST
HGNC,GSTK1,isa,FPLX,GST
HGNC,GSTM1,isa,FPLX,GST
HGNC,GSTM2,isa,FPLX,GST
HGNC,GSTM3,isa,FPLX,GST
HGNC,GSTM4,isa,FPLX,GST
HGNC,GSTM5,isa,FPLX,GST
HGNC,GSTO1,isa,FPLX,GST
HGNC,GSTO2,isa,FPLX,GST
HGNC,GSTP1,isa,FPLX,GST
HGNC,GSTT1,isa,FPLX,GST
HGNC,GSTT2,isa,FPLX,GST
HGNC,GSTZ1,isa,FPLX,GST
HGNC,GSTT2B,isa,FPLX,GST
HGNC,GUCY2C,isa,FPLX,GUCY
HGNC,GUCY2D,isa,FPLX,GUCY
HGNC,GUCY2F,isa,FPLX,GUCY
HGNC,NPR1,isa,FPLX,GUCY
HGNC,NPR2,isa,FPLX,GUCY
HGNC,DHH,isa,FPLX,Hedgehog
HGNC,IHH,isa,FPLX,Hedgehog
HGNC,SHH,isa,FPLX,Hedgehog
HGNC,HES1,isa,FPLX,HES
HGNC,HES2,isa,FPLX,HES
HGNC,HES3,isa,FPLX,HES
HGNC,HES4,isa,FPLX,HES
HGNC,HES5,isa,FPLX,HES
HGNC,HES6,isa,FPLX,HES
HGNC,HES7,isa,FPLX,HES
HGNC,HLA-DRA,isa,FPLX,HLA_DR
HGNC,HLA-DRB1,isa,FPLX,HLA_DR
HGNC,HLA-DRB3,isa,FPLX,HLA_DR
HGNC,HLA-DRB4,isa,FPLX,HLA_DR
HGNC,HLA-DRB5,isa,FPLX,HLA_DR
HGNC,HMOX1,isa,FPLX,HMOX
HGNC,HMOX2,isa,FPLX,HMOX
HGNC,HSPA12A,isa,FPLX,HSPA
HGNC,HSPA12B,isa,FPLX,HSPA
HGNC,HSPA13,isa,FPLX,HSPA
HGNC,HSPA14,isa,FPLX,HSPA
HGNC,HSPA1A,isa,FPLX,HSPA
HGNC,HSPA1B,isa,FPLX,HSPA
HGNC,HSPA1L,isa,FPLX,HSPA
HGNC,HSPA2,isa,FPLX,HSPA
HGNC,HSPA4,isa,FPLX,HSPA
HGNC,HSPA4L,isa,FPLX,HSPA
HGNC,HSPA5,isa,FPLX,HSPA
HGNC,HSPA6,isa,FPLX,HSPA
HGNC,HSPA8,isa,FPLX,HSPA
HGNC,HSPA9,isa,FPLX,HSPA
HGNC,HSPH1,isa,FPLX,HSPA
HGNC,HYOU1,isa,FPLX,HSPA
HGNC,HSPB1,isa,FPLX,HSPB
HGNC,HSPB2,isa,FPLX,HSPB
HGNC,HSPB8,isa,FPLX,HSPB
HGNC,IGFBP1,isa,FPLX,IGFBP
HGNC,IGFBP2,isa,FPLX,IGFBP
HGNC,IGFBP3,isa,FPLX,IGFBP
HGNC,IGFBP4,isa,FPLX,IGFBP
HGNC,IGFBP5,isa,FPLX,IGFBP
HGNC,IGFBP6,isa,FPLX,IGFBP
HGNC,IGFBP7,isa,FPLX,IGFBP
HGNC,CHUK,isa,FPLX,IKK_family
HGNC,IKBKB,isa,FPLX,IKK_family
HGNC,IKBKG,isa,FPLX,IKK_family
HGNC,IKBKE,isa,FPLX,IKK_family
HGNC,TBK1,isa,FPLX,IKK_family
HGNC,IGF1R,isa,FPLX,INSR
HGNC,INS,isa,FPLX,INS
HGNC,INSR,isa,FPLX,INSR
HGNC,INSRR,isa,FPLX,INSR
HGNC,IRS1,isa,FPLX,IRS
HGNC,IRS2,isa,FPLX,IRS
HGNC,IRS4,isa,FPLX,IRS
HGNC,IRX1,isa,FPLX,IRX
HGNC,IRX2,isa,FPLX,IRX
HGNC,IRX3,isa,FPLX,IRX
HGNC,IRX4,isa,FPLX,IRX
HGNC,IRX5,isa,FPLX,IRX
HGNC,IRX6,isa,FPLX,IRX
HGNC,MKX,isa,FPLX,IRX
HGNC,KLK1,isa,FPLX,KLK
HGNC,KLK10,isa,FPLX,KLK
HGNC,KLK11,isa,FPLX,KLK
HGNC,KLK12,isa,FPLX,KLK
HGNC,KLK13,isa,FPLX,KLK
HGNC,KLK14,isa,FPLX,KLK
HGNC,KLK15,isa,FPLX,KLK
HGNC,KLK2,isa,FPLX,KLK
HGNC,KLK3,isa,FPLX,KLK
HGNC,KLK4,isa,FPLX,KLK
HGNC,KLK5,isa,FPLX,KLK
HGNC,KLK6,isa,FPLX,KLK
HGNC,KLK7,isa,FPLX,KLK
HGNC,KLK8,isa,FPLX,KLK
HGNC,KLK9,isa,FPLX,KLK
HGNC,KLKB1,isa,FPLX,KLK
HGNC,MAF,isa,FPLX,MAF
HGNC,MAFA,isa,FPLX,MAF
HGNC,MAFB,isa,FPLX,MAF
HGNC,MAFF,isa,FPLX,MAF
HGNC,MAFG,isa,FPLX,MAF
HGNC,MAFK,isa,FPLX,MAF
HGNC,MAPK8,isa,FPLX,JNK
HGNC,MAPK9,isa,FPLX,JNK
HGNC,MAPK10,isa,FPLX,JNK
FPLX,JNK,isa,FPLX,MAPK
HGNC,MEF2A,isa,FPLX,MEF2
HGNC,MEF2C,isa,FPLX,MEF2
HGNC,MEF2D,isa,FPLX,MEF2
HGNC,MEF2B,isa,FPLX,MEF2
HGNC,MYH1,isa,FPLX,MYH
HGNC,MYH10,isa,FPLX,MYH
HGNC,MYH11,isa,FPLX,MYH
HGNC,MYH13,isa,FPLX,MYH
HGNC,MYH14,isa,FPLX,MYH
HGNC,MYH15,isa,FPLX,MYH
HGNC,MYH2,isa,FPLX,MYH
HGNC,MYH3,isa,FPLX,MYH
HGNC,MYH4,isa,FPLX,MYH
HGNC,MYH6,isa,FPLX,MYH
HGNC,MYH7,isa,FPLX,MYH
HGNC,MYH7B,isa,FPLX,MYH
HGNC,MYH8,isa,FPLX,MYH
HGNC,MYH9,isa,FPLX,MYH
HGNC,MYO5A,isa,FPLX,MYH
HGNC,MYL1,isa,FPLX,MYL_alkali
HGNC,MYL3,isa,FPLX,MYL_alkali
HGNC,MYL4,isa,FPLX,MYL_alkali
HGNC,MYL6,isa,FPLX,MYL_alkali
HGNC,MYL6B,isa,FPLX,MYL_alkali
HGNC,MYL10,isa,FPLX,MYL_regulatory
HGNC,MYL12A,isa,FPLX,MYL_regulatory
HGNC,MYL12B,isa,FPLX,MYL_regulatory
HGNC,MYL2,isa,FPLX,MYL_regulatory
HGNC,MYL5,isa,FPLX,MYL_regulatory
HGNC,MYL7,isa,FPLX,MYL_regulatory
HGNC,MYL9,isa,FPLX,MYL_regulatory
HGNC,MYLPF,isa,FPLX,MYL_regulatory
HGNC,MYL2,isa,FPLX,MYL_slow
HGNC,MYL3,isa,FPLX,MYL_slow
HGNC,MYL6B,isa,FPLX,MYL_slow
FPLX,MYL_alkali,isa,FPLX,MYL
FPLX,MYL_regulatory,isa,FPLX,MYL
FPLX,MYL_slow,isa,FPLX,MYL
HGNC,KAT8,isa,FPLX,MYST
HGNC,KAT7,isa,FPLX,MYST
HGNC,KAT6A,isa,FPLX,MYST
HGNC,KAT6B,isa,FPLX,MYST
HGNC,KAT5,isa,FPLX,MYST
HGNC,NCOA1,isa,FPLX,NCOA
HGNC,NCOA2,isa,FPLX,NCOA
HGNC,NCOA3,isa,FPLX,NCOA
HGNC,NCOR1,isa,FPLX,NCOR
HGNC,NCOR2,isa,FPLX,NCOR
HGNC,NDRG1,isa,FPLX,NDRG
HGNC,NDRG2,isa,FPLX,NDRG
HGNC,NDRG3,isa,FPLX,NDRG
HGNC,NDRG4,isa,FPLX,NDRG
HGNC,NKD1,isa,FPLX,NKD
HGNC,NKD2,isa,FPLX,NKD
HGNC,NOS1,isa,FPLX,NOS
HGNC,NOS2,isa,FPLX,NOS
HGNC,NOS3,isa,FPLX,NOS
HGNC,NOTCH1,isa,FPLX,Notch
HGNC,NOTCH2,isa,FPLX,Notch
HGNC,NOTCH3,isa,FPLX,Notch
HGNC,NOTCH4,isa,FPLX,Notch
HGNC,NRG1,isa,FPLX,NRG_1_2
HGNC,NRG2,isa,FPLX,NRG_1_2
HGNC,NRG3,isa,FPLX,NRG_3_4
HGNC,NRG4,isa,FPLX,NRG_3_4
FPLX,NRG_1_2,isa,FPLX,NRG
FPLX,NRG_3_4,isa,FPLX,NRG
HGNC,NTRK1,isa,FPLX,NTRK
HGNC,NTRK2,isa,FPLX,NTRK
HGNC,NTRK3,isa,FPLX,NTRK
HGNC,P2RX1,isa,FPLX,P2RX
HGNC,P2RX2,isa,FPLX,P2RX
HGNC,P2RX3,isa,FPLX,P2RX
HGNC,P2RX4,isa,FPLX,P2RX
HGNC,P2RX5,isa,FPLX,P2RX
HGNC,P2RX6,isa,FPLX,P2RX
HGNC,P2RX7,isa,FPLX,P2RX
HGNC,P2RY1,isa,FPLX,P2RY
HGNC,P2RY2,isa,FPLX,P2RY
HGNC,P2RY4,isa,FPLX,P2RY
HGNC,P2RY6,isa,FPLX,P2RY
HGNC,P2RY8,isa,FPLX,P2RY
HGNC,P2RY10,isa,FPLX,P2RY
HGNC,P2RY11,isa,FPLX,P2RY
HGNC,P2RY12,isa,FPLX,P2RY
HGNC,P2RY13,isa,FPLX,P2RY
HGNC,P2RY14,isa,FPLX,P2RY
HGNC,LPAR4,isa,FPLX,P2RY
HGNC,LPAR6,isa,FPLX,P2RY
HGNC,PARVA,isa,FPLX,PARV
HGNC,PARVB,isa,FPLX,PARV
HGNC,PARVG,isa,FPLX,PARV
HGNC,PBX1,isa,FPLX,PBX
HGNC,PBX2,isa,FPLX,PBX
HGNC,PBX3,isa,FPLX,PBX
HGNC,PBX4,isa,FPLX,PBX
HGNC,PDE1A,isa,FPLX,PDE1
HGNC,PDE1B,isa,FPLX,PDE1
HGNC,PDE1C,isa,FPLX,PDE1
HGNC,PDE2A,isa,FPLX,PDE
HGNC,PDE3A,isa,FPLX,PDE3
HGNC,PDE3B,isa,FPLX,PDE3
HGNC,PDE4A,isa,FPLX,PDE4
HGNC,PDE4B,isa,FPLX,PDE4
HGNC,PDE4C,isa,FPLX,PDE4
HGNC,PDE4D,isa,FPLX,PDE4
HGNC,PDE6A,isa,FPLX,PDE6
HGNC,PDE6B,isa,FPLX,PDE6
HGNC,PDE6C,isa,FPLX,PDE6
HGNC,PDE7A,isa,FPLX,PDE7
HGNC,PDE7B,isa,FPLX,PDE7
HGNC,PDE8A,isa,FPLX,PDE8
HGNC,PDE8B,isa,FPLX,PDE8
HGNC,PDE9A,isa,FPLX,PDE
HGNC,PDE10A,isa,FPLX,PDE
HGNC,PDE11A,isa,FPLX,PDE
FPLX,PDE1,isa,FPLX,PDE
FPLX,PDE3,isa,FPLX,PDE
FPLX,PDE4,isa,FPLX,PDE
FPLX,PDE6,isa,FPLX,PDE
FPLX,PDE7,isa,FPLX,PDE
FPLX,PDE8,isa,FPLX,PDE
HGNC,PDK1,isa,FPLX,PDK
HGNC,PDK2,isa,FPLX,PDK
HGNC,PDK3,isa,FPLX,PDK
HGNC,PDK4,isa,FPLX,PDK
HGNC,PFN1,isa,FPLX,PFN
HGNC,PFN2,isa,FPLX,PFN
HGNC,PFN3,isa,FPLX,PFN
HGNC,PFN4,isa,FPLX,PFN
HGNC,PIK3CA,isa,FPLX,PI3K_p110
HGNC,PIK3CB,isa,FPLX,PI3K_p110
HGNC,PIK3CD,isa,FPLX,PI3K_p110
HGNC,PIK3CG,isa,FPLX,PI3K_p110
HGNC,PIK3R1,isa,FPLX,PI3K_p85
HGNC,PIK3R2,isa,FPLX,PI3K_p85
HGNC,PIK3R3,isa,FPLX,PIK3R_I
HGNC,PIK3R4,isa,FPLX,PIK3R_I
HGNC,PIK3R5,isa,FPLX,PIK3R_I
HGNC,PIK3R6,isa,FPLX,PIK3R_I
FPLX,PI3K_p85,isa,FPLX,PIK3R_I
FPLX,PI3K_p110,partof,FPLX,PI3K
FPLX,PIK3R_I,partof,FPLX,PI3K
HGNC,PKIA,isa,FPLX,PKI
HGNC,PKIB,isa,FPLX,PKI
HGNC,PKIG,isa,FPLX,PKI
HGNC,PLA2G1B,isa,FPLX,PLA2
HGNC,PLA2G2A,isa,FPLX,PLA2G2
HGNC,PLA2G2C,isa,FPLX,PLA2G2
HGNC,PLA2G2D,isa,FPLX,PLA2G2
HGNC,PLA2G2E,isa,FPLX,PLA2G2
HGNC,PLA2G2F,isa,FPLX,PLA2G2
HGNC,PLA2G3,isa,FPLX,PLA2
HGNC,PLA2G4A,isa,FPLX,PLA2G4
HGNC,PLA2G4C,isa,FPLX,PLA2G4
HGNC,PLA2G4D,isa,FPLX,PLA2G4
HGNC,PLA2G5,isa,FPLX,PLA2
HGNC,PLA2G6,isa,FPLX,PLA2
HGNC,PLA2G7,isa,FPLX,PLA2
HGNC,PLA2G10,isa,FPLX,PLA2
HGNC,PLA2G12A,isa,FPLX,PLA2
HGNC,PLA2G12B,isa,FPLX,PLA2
FPLX,PLA2G2,isa,FPLX,PLA2
FPLX,PLA2G4,isa,FPLX,PLA2
HGNC,PLCB1,isa,FPLX,PLCB
HGNC,PLCB2,isa,FPLX,PLCB
HGNC,PLCB3,isa,FPLX,PLCB
HGNC,PLCB4,isa,FPLX,PLCB
HGNC,PLCD1,isa,FPLX,PLCD
HGNC,PLCD3,isa,FPLX,PLCD
HGNC,PLCD4,isa,FPLX,PLCD
HGNC,PLCE1,isa,FPLX,PLC
HGNC,PLCG1,isa,FPLX,PLCG
HGNC,PLCG2,isa,FPLX,PLCG
HGNC,PLCZ1,isa,FPLX,PLC
FPLX,PLCB,isa,FPLX,PLC
FPLX,PLCD,isa,FPLX,PLC
FPLX,PLCG,isa,FPLX,PLC
HGNC,PLD1,isa,FPLX,PLD
HGNC,PLD2,isa,FPLX,PLD
HGNC,PLD3,isa,FPLX,PLD
HGNC,PLD4,isa,FPLX,PLD
HGNC,PLD5,isa,FPLX,PLD
HGNC,PLD6,isa,FPLX,PLD
HGNC,PLPP1,isa,FPLX,PPAP2
HGNC,PLPP2,isa,FPLX,PPAP2
HGNC,PLPP3,isa,FPLX,PPAP2
HGNC,PPARA,isa,FPLX,PPAR
HGNC,PPARD,isa,FPLX,PPAR
HGNC,PPARG,isa,FPLX,PPAR
HGNC,PPP1CA,isa,FPLX,PPP1C
HGNC,PPP1CB,isa,FPLX,PPP1C
HGNC,PPP1CC,isa,FPLX,PPP1C
HGNC,PPP1R10,isa,FPLX,PPP1R
HGNC,PPP1R11,isa,FPLX,PPP1R
HGNC,PPP1R12A,isa,FPLX,PPP1R
HGNC,PPP1R12B,isa,FPLX,PPP1R
HGNC,PPP1R12C,isa,FPLX,PPP1R
HGNC,PPP1R13B,isa,FPLX,PPP1R
HGNC,PPP1R14A,isa,FPLX,PPP1R
HGNC,PPP1R14B,isa,FPLX,PPP1R
HGNC,PPP1R14C,isa,FPLX,PPP1R
HGNC,PPP1R14D,isa,FPLX,PPP1R
HGNC,PPP1R15A,isa,FPLX,PPP1R
HGNC,PPP1R15B,isa,FPLX,PPP1R
HGNC,PPP1R16A,isa,FPLX,PPP1R
HGNC,PPP1R16B,isa,FPLX,PPP1R
HGNC,PPP1R1A,isa,FPLX,PPP1R
HGNC,PPP1R1B,isa,FPLX,PPP1R
HGNC,PPP1R1C,isa,FPLX,PPP1R
HGNC,PPP1R2,isa,FPLX,PPP1R
HGNC,PPP1R3A,isa,FPLX,PPP1R
HGNC,PPP1R3B,isa,FPLX,PPP1R
HGNC,PPP1R3C,isa,FPLX,PPP1R
HGNC,PPP1R3D,isa,FPLX,PPP1R
HGNC,PPP1R3F,isa,FPLX,PPP1R
HGNC,PPP1R7,isa,FPLX,PPP1R
HGNC,PPP1R8,isa,FPLX,PPP1R
HGNC,PPP1R9A,isa,FPLX,PPP1R
HGNC,PPP1R9B,isa,FPLX,PPP1R
FPLX,PPP1C,partof,FPLX,PPP1
FPLX,PPP1R,partof,FPLX,PPP1
HGNC,PPM1J,isa,FPLX,PPP2C
HGNC,PPP2CA,isa,FPLX,PPP2C
HGNC,PPP2CB,isa,FPLX,PPP2C
HGNC,PPP2R1A,isa,FPLX,PPP2R_A
HGNC,PPP2R1B,isa,FPLX,PPP2R_A
HGNC,PPP2R2A,isa,FPLX,PPP2R_B
HGNC,PPP2R2B,isa,FPLX,PPP2R_B
HGNC,PPP2R2C,isa,FPLX,PPP2R_B
HGNC,PPP2R2D,isa,FPLX,PPP2R_B
HGNC,PPP2R3A,isa,FPLX,PPP2R_B
HGNC,PPP2R3B,isa,FPLX,PPP2R_B
HGNC,PTPA,isa,FPLX,PPP2R_B
HGNC,PPP2R5A,isa,FPLX,PPP2R_B
HGNC,PPP2R5B,isa,FPLX,PPP2R_B
HGNC,PPP2R5C,isa,FPLX,PPP2R_B
HGNC,PPP2R5D,isa,FPLX,PPP2R_B
HGNC,PPP2R5E,isa,FPLX,PPP2R_B
FPLX,PPP2C,partof,FPLX,PPP2
FPLX,PPP2R_A,partof,FPLX,PPP2
FPLX,PPP2R_B,partof,FPLX,PPP2
HGNC,PPP3CA,isa,FPLX,PPP3C
HGNC,PPP3CB,isa,FPLX,PPP3C
HGNC,PPP3CC,isa,FPLX,PPP3C
HGNC,PPP3R1,isa,FPLX,PPP3R
HGNC,PPP3R2,isa,FPLX,PPP3R
FPLX,PPP3C,partof,FPLX,PPP3
FPLX,PPP3R,partof,FPLX,PPP3
HGNC,PRDX1,isa,FPLX,PRDX
HGNC,PRDX2,isa,FPLX,PRDX
HGNC,PRDX3,isa,FPLX,PRDX
HGNC,PRDX4,isa,FPLX,PRDX
HGNC,PRDX5,isa,FPLX,PRDX
HGNC,PRDX6,isa,FPLX,PRDX
HGNC,PRKAR1A,isa,FPLX,PRKAR
HGNC,PRKAR1B,isa,FPLX,PRKAR
HGNC,PRKAR2A,isa,FPLX,PRKAR
HGNC,PRKAR2B,isa,FPLX,PRKAR
HGNC,PRKACA,isa,FPLX,PRKAC
HGNC,PRKACB,isa,FPLX,PRKAC
HGNC,PRKACG,isa,FPLX,PRKAC
FPLX,PRKAR,partof,FPLX,PKA
FPLX,PRKAC,partof,FPLX,PKA
HGNC,PRKCA,isa,FPLX,PKC
HGNC,PRKCB,isa,FPLX,PKC
HGNC,PRKCD,isa,FPLX,PKC
HGNC,PRKCE,isa,FPLX,PKC
HGNC,PRKCG,isa,FPLX,PKC
HGNC,PRKCH,isa,FPLX,PKC
HGNC,PRKCI,isa,FPLX,PKC
HGNC,PRKCQ,isa,FPLX,PKC
HGNC,PRKCZ,isa,FPLX,PKC
HGNC,PRKD3,isa,FPLX,PKC
HGNC,PRKG1,isa,FPLX,PRKG
HGNC,PRKG2,isa,FPLX,PRKG
HGNC,PTGER1,isa,FPLX,PTGER
HGNC,PTGER2,isa,FPLX,PTGER
HGNC,PTGER3,isa,FPLX,PTGER
HGNC,PTGER4,isa,FPLX,PTGER
HGNC,RAB10,isa,FPLX,RAB
HGNC,RAB11A,isa,FPLX,RAB
HGNC,RAB11B,isa,FPLX,RAB
HGNC,RAB12,isa,FPLX,RAB
HGNC,RAB13,isa,FPLX,RAB
HGNC,RAB14,isa,FPLX,RAB
HGNC,RAB15,isa,FPLX,RAB
HGNC,RAB17,isa,FPLX,RAB
HGNC,RAB18,isa,FPLX,RAB
HGNC,RAB19,isa,FPLX,RAB
HGNC,RAB1A,isa,FPLX,RAB
HGNC,RAB1B,isa,FPLX,RAB
HGNC,RAB1C,isa,FPLX,RAB
HGNC,RAB20,isa,FPLX,RAB
HGNC,RAB21,isa,FPLX,RAB
HGNC,RAB22A,isa,FPLX,RAB
HGNC,RAB23,isa,FPLX,RAB
HGNC,RAB24,isa,FPLX,RAB
HGNC,RAB25,isa,FPLX,RAB
HGNC,RAB26,isa,FPLX,RAB
HGNC,RAB27A,isa,FPLX,RAB
HGNC,RAB27B,isa,FPLX,RAB
HGNC,RAB28,isa,FPLX,RAB
HGNC,RAB2A,isa,FPLX,RAB
HGNC,RAB2B,isa,FPLX,RAB
HGNC,RAB30,isa,FPLX,RAB
HGNC,RAB31,isa,FPLX,RAB
HGNC,RAB32,isa,FPLX,RAB
HGNC,RAB33A,isa,FPLX,RAB
HGNC,RAB33B,isa,FPLX,RAB
HGNC,RAB34,isa,FPLX,RAB
HGNC,RAB35,isa,FPLX,RAB
HGNC,RAB36,isa,FPLX,RAB
HGNC,RAB37,isa,FPLX,RAB
HGNC,RAB38,isa,FPLX,RAB
HGNC,RAB39A,isa,FPLX,RAB
HGNC,RAB39B,isa,FPLX,RAB
HGNC,RAB3A,isa,FPLX,RAB
HGNC,RAB3B,isa,FPLX,RAB
HGNC,RAB3C,isa,FPLX,RAB
HGNC,RAB3D,isa,FPLX,RAB
HGNC,RAB40A,isa,FPLX,RAB
HGNC,RAB40AL,isa,FPLX,RAB
HGNC,RAB40B,isa,FPLX,RAB
HGNC,RAB40C,isa,FPLX,RAB
HGNC,RAB41,isa,FPLX,RAB
HGNC,RAB42,isa,FPLX,RAB
HGNC,RAB43,isa,FPLX,RAB
HGNC,RAB44,isa,FPLX,RAB
HGNC,RAB4A,isa,FPLX,RAB
HGNC,RAB4B,isa,FPLX,RAB
HGNC,RAB5A,isa,FPLX,RAB
HGNC,RAB5B,isa,FPLX,RAB
HGNC,RAB5C,isa,FPLX,RAB
HGNC,RAB6A,isa,FPLX,RAB
HGNC,RAB6B,isa,FPLX,RAB
HGNC,RAB6C,isa,FPLX,RAB
HGNC,RAB7A,isa,FPLX,RAB
HGNC,RAB7B,isa,FPLX,RAB
HGNC,RAB29,isa,FPLX,RAB
HGNC,RAB8A,isa,FPLX,RAB
HGNC,RAB8B,isa,FPLX,RAB
HGNC,RAB9A,isa,FPLX,RAB
HGNC,RAB9B,isa,FPLX,RAB
HGNC,RABL2A,isa,FPLX,RAB
HGNC,RABL2B,isa,FPLX,RAB
HGNC,RABL3,isa,FPLX,RAB
HGNC,IFT22,isa,FPLX,RAB
HGNC,RARA,isa,FPLX,RAR
HGNC,RARB,isa,FPLX,RAR
HGNC,RARG,isa,FPLX,RAR
HGNC,RFX1,isa,FPLX,RFX
HGNC,RFX2,isa,FPLX,RFX
HGNC,RFX3,isa,FPLX,RFX
HGNC,RFX4,isa,FPLX,RFX
HGNC,RFX5,isa,FPLX,RFX
HGNC,RFX6,isa,FPLX,RFX
HGNC,RFX7,isa,FPLX,RFX
HGNC,RFX8,isa,FPLX,RFX
HGNC,ROR1,isa,FPLX,ROR
HGNC,ROR2,isa,FPLX,ROR
HGNC,RXRA,isa,FPLX,RXR
HGNC,RXRB,isa,FPLX,RXR
HGNC,RXRG,isa,FPLX,RXR
HGNC,HRNR,isa,FPLX,S100A
HGNC,S100A1,isa,FPLX,S100A
HGNC,S100A10,isa,FPLX,S100A
HGNC,S100A11,isa,FPLX,S100A
HGNC,S100A12,isa,FPLX,S100A
HGNC,S100A13,isa,FPLX,S100A
HGNC,S100A14,isa,FPLX,S100A
HGNC,S100A16,isa,FPLX,S100A
HGNC,S100A2,isa,FPLX,S100A
HGNC,S100A3,isa,FPLX,S100A
HGNC,S100A4,isa,FPLX,S100A
HGNC,S100A5,isa,FPLX,S100A
HGNC,S100A6,isa,FPLX,S100A
HGNC,S100A7,isa,FPLX,S100A
HGNC,S100A7A,isa,FPLX,S100A
HGNC,S100A8,isa,FPLX,S100A
HGNC,S100A9,isa,FPLX,S100A
HGNC,TCHHL1,isa,FPLX,S100A
HGNC,S1PR1,isa,FPLX,S1PR
HGNC,S1PR2,isa,FPLX,S1PR
HGNC,S1PR3,isa,FPLX,S1PR
HGNC,S1PR4,isa,FPLX,S1PR
HGNC,S1PR5,isa,FPLX,S1PR
HGNC,SCD,isa,FPLX,SCD
HGNC,SCD5,isa,FPLX,SCD
HGNC,SERPINB1,isa,FPLX,SERPINB
HGNC,SERPINB2,isa,FPLX,SERPINB
HGNC,SERPINB3,isa,FPLX,SERPINB
HGNC,SERPINB4,isa,FPLX,SERPINB
HGNC,SERPINB5,isa,FPLX,SERPINB
HGNC,SERPINB6,isa,FPLX,SERPINB
HGNC,SERPINB7,isa,FPLX,SERPINB
HGNC,SERPINB8,isa,FPLX,SERPINB
HGNC,SERPINB9,isa,FPLX,SERPINB
HGNC,SERPINB10,isa,FPLX,SERPINB
HGNC,SERPINB11,isa,FPLX,SERPINB
HGNC,SERPINB12,isa,FPLX,SERPINB
HGNC,SERPINB13,isa,FPLX,SERPINB
HGNC,SLC2A1,isa,FPLX,SLC2A
HGNC,SLC2A2,isa,FPLX,SLC2A
HGNC,SLC2A3,isa,FPLX,SLC2A
HGNC,SLC2A4,isa,FPLX,SLC2A
HGNC,SLC2A5,isa,FPLX,SLC2A
HGNC,SLC2A6,isa,FPLX,SLC2A
HGNC,SLC2A7,isa,FPLX,SLC2A
HGNC,SLC2A8,isa,FPLX,SLC2A
HGNC,SLC2A9,isa,FPLX,SLC2A
HGNC,SLC2A10,isa,FPLX,SLC2A
HGNC,SLC2A11,isa,FPLX,SLC2A
HGNC,SLC2A12,isa,FPLX,SLC2A
HGNC,SLC2A14,isa,FPLX,SLC2A
HGNC,SMAD1,isa,FPLX,SMAD
HGNC,SMAD2,isa,FPLX,SMAD2_3
HGNC,SMAD3,isa,FPLX,SMAD2_3
HGNC,SMAD4,isa,FPLX,SMAD
HGNC,SMAD5,isa,FPLX,SMAD
HGNC,SMAD6,isa,FPLX,SMAD
HGNC,SMAD7,isa,FPLX,SMAD
HGNC,SMAD9,isa,FPLX,SMAD
FPLX,SMAD2_3,isa,FPLX,SMAD
HGNC,SMC1A,isa,FPLX,SMC1
HGNC,SMC1B,isa,FPLX,SMC1
HGNC,SNAI1,isa,FPLX,SNAI
HGNC,SNAI2,isa,FPLX,SNAI
HGNC,SNAI3,isa,FPLX,SNAI
HGNC,FGR,isa,FPLX,SRC
HGNC,FYN,isa,FPLX,SRC
HGNC,SRC,isa,FPLX,SRC
HGNC,YES1,isa,FPLX,SRC
HGNC,SREBF1,isa,FPLX,SREBF
HGNC,SREBF2,isa,FPLX,SREBF
HGNC,TAP1,isa,FPLX,TAP
HGNC,TAP2,isa,FPLX,TAP
HGNC,ABCB9,isa,FPLX,TAP
HGNC,LEF1,isa,FPLX,TCF_LEF
HGNC,TCF7,isa,FPLX,TCF_LEF
HGNC,TCF7L1,isa,FPLX,TCF_LEF
HGNC,TCF7L2,isa,FPLX,TCF_LEF
HGNC,TFAP2A,isa,FPLX,TFAP2
HGNC,TFAP2B,isa,FPLX,TFAP2
HGNC,TFAP2C,isa,FPLX,TFAP2
HGNC,TFAP2D,isa,FPLX,TFAP2
HGNC,TFAP2E,isa,FPLX,TFAP2
HGNC,TGFB1,isa,FPLX,TGFB
HGNC,TGFB2,isa,FPLX,TGFB
HGNC,TGFB3,isa,FPLX,TGFB
HGNC,TGFBR1,isa,FPLX,TGFBR
HGNC,TGFBR2,isa,FPLX,TGFBR
HGNC,TGFBR3,isa,FPLX,TGFBR
HGNC,THBS1,isa,FPLX,THBS
HGNC,THBS2,isa,FPLX,THBS
HGNC,THBS3,isa,FPLX,THBS
HGNC,THBS4,isa,FPLX,THBS
HGNC,COMP,isa,FPLX,THBS
HGNC,THRA,isa,FPLX,THR
HGNC,THRB,isa,FPLX,THR
HGNC,TNC,isa,FPLX,TN
HGNC,TNN,isa,FPLX,TN
HGNC,TNR,isa,FPLX,TN
HGNC,TNXB,isa,FPLX,TN
HGNC,TOP2A,isa,FPLX,TOP2
HGNC,TOP2B,isa,FPLX,TOP2
HGNC,TPSAB1,isa,FPLX,Tryptase
HGNC,TPSB2,isa,FPLX,Tryptase
HGNC,TPSD1,isa,FPLX,Tryptase
HGNC,TPSG1,isa,FPLX,Tryptase
HGNC,TXN,isa,FPLX,TXN
HGNC,TXN2,isa,FPLX,TXN
HGNC,TXNRD1,isa,FPLX,TXNRD
HGNC,TXNRD2,isa,FPLX,TXNRD
HGNC,TXNRD3,isa,FPLX,TXNRD
HGNC,CDC34,isa,FPLX,UBE2
HGNC,UBE2A,isa,FPLX,UBE2
HGNC,UBE2B,isa,FPLX,UBE2
HGNC,UBE2C,isa,FPLX,UBE2
HGNC,UBE2D1,isa,FPLX,UBE2
HGNC,UBE2D2,isa,FPLX,UBE2
HGNC,UBE2D3,isa,FPLX,UBE2
HGNC,UBE2D4,isa,FPLX,UBE2
HGNC,UBE2E1,isa,FPLX,UBE2
HGNC,UBE2E2,isa,FPLX,UBE2
HGNC,UBE2E3,isa,FPLX,UBE2
HGNC,UBE2F,isa,FPLX,UBE2
HGNC,UBE2G1,isa,FPLX,UBE2
HGNC,UBE2G2,isa,FPLX,UBE2
HGNC,UBE2H,isa,FPLX,UBE2
HGNC,UBE2I,isa,FPLX,UBE2
HGNC,UBE2J1,isa,FPLX,UBE2
HGNC,UBE2J2,isa,FPLX,UBE2
HGNC,UBE2L3,isa,FPLX,UBE2
HGNC,UBE2L6,isa,FPLX,UBE2
HGNC,UBE2M,isa,FPLX,UBE2
HGNC,UBE2N,isa,FPLX,UBE2
HGNC,UBE2NL,isa,FPLX,UBE2
HGNC,UBE2Q1,isa,FPLX,UBE2
HGNC,UBE2R2,isa,FPLX,UBE2
HGNC,UBE2S,isa,FPLX,UBE2
HGNC,UBE2V1,isa,FPLX,UBE2
HGNC,UBE2V2,isa,FPLX,UBE2
HGNC,UBE2W,isa,FPLX,UBE2
HGNC,VAV1,isa,FPLX,VAV
HGNC,VAV2,isa,FPLX,VAV
HGNC,VAV3,isa,FPLX,VAV
HGNC,VEGFA,isa,FPLX,VEGF
HGNC,VEGFB,isa,FPLX,VEGF
HGNC,VEGFC,isa,FPLX,VEGF
HGNC,VEGFD,isa,FPLX,VEGF
HGNC,PGF,isa,FPLX,VEGF
HGNC,FLT1,isa,FPLX,VEGFR
HGNC,FLT4,isa,FPLX,VEGFR
HGNC,KDR,isa,FPLX,VEGFR
HGNC,ABL1,isa,FPLX,ABL_family
HGNC,ABL2,isa,FPLX,ABL_family
HGNC,HUS1,partof,FPLX,9_1_1
HGNC,RAD1,partof,FPLX,9_1_1
HGNC,RAD9A,partof,FPLX,9_1_1
HGNC,AP3B1,partof,FPLX,Adaptor_protein_III
HGNC,AP3D1,partof,FPLX,Adaptor_protein_III
HGNC,AP3S1,partof,FPLX,Adaptor_protein_III
HGNC,AP3S2,partof,FPLX,Adaptor_protein_III
HGNC,ANXA2,partof,FPLX,Annexin_II_heterotetramer
HGNC,S100A10,partof,FPLX,Annexin_II_heterotetramer
HGNC,ARPC1A,partof,FPLX,Arp2_3_protein
HGNC,ARPC1B,partof,FPLX,Arp2_3_protein
HGNC,ARPC2,partof,FPLX,Arp2_3_protein
HGNC,ARPC3,partof,FPLX,Arp2_3_protein
HGNC,ARPC4,partof,FPLX,Arp2_3_protein
HGNC,ARPC5,partof,FPLX,Arp2_3_protein
HGNC,ARPC5L,partof,FPLX,Arp2_3_protein
HGNC,BCKDHA,partof,FPLX,BCKDC
HGNC,BCKDHB,partof,FPLX,BCKDC
HGNC,DBT,partof,FPLX,BCKDC
HGNC,DLD,partof,FPLX,BCKDC
HGNC,C1QA,partof,FPLX,C1
HGNC,C1QB,partof,FPLX,C1
HGNC,C1QC,partof,FPLX,C1
HGNC,C1R,partof,FPLX,C1
HGNC,C1S,partof,FPLX,C1
HGNC,C1QA,partof,FPLX,C1q
HGNC,C1QB,partof,FPLX,C1q
HGNC,CAMK2A,partof,FPLX,CAMK2_complex
HGNC,CAMK2B,partof,FPLX,CAMK2_complex
HGNC,CAMK2D,partof,FPLX,CAMK2_complex
HGNC,CAMK2G,partof,FPLX,CAMK2_complex
HGNC,SKP1,partof,FPLX,CBF3
HGNC,CCT2,partof,FPLX,CCT_complex
HGNC,CCT3,partof,FPLX,CCT_complex
HGNC,CCT4,partof,FPLX,CCT_complex
HGNC,CCT5,partof,FPLX,CCT_complex
HGNC,CCT6A,partof,FPLX,CCT_complex
HGNC,CCT6B,partof,FPLX,CCT_complex
HGNC,CCT7,partof,FPLX,CCT_complex
HGNC,CCT8,partof,FPLX,CCT_complex
HGNC,TCP1,partof,FPLX,CCT_complex
HGNC,CD247,partof,FPLX,CD3
HGNC,CD3D,partof,FPLX,CD3
HGNC,CD3E,partof,FPLX,CD3
HGNC,CD3G,partof,FPLX,CD3
HGNC,CHRNA2,partof,FPLX,CHRN
HGNC,CHRNA3,partof,FPLX,CHRN
HGNC,CHRNA4,partof,FPLX,CHRN
HGNC,CHRNA5,partof,FPLX,CHRN
HGNC,CHRNA6,partof,FPLX,CHRN
HGNC,CHRNA7,partof,FPLX,CHRN
HGNC,CHRNB2,partof,FPLX,CHRN
HGNC,CHRNB3,partof,FPLX,CHRN
HGNC,CHRNB4,partof,FPLX,CHRN
HGNC,CLTA,partof,FPLX,Clathrin
HGNC,CLTB,partof,FPLX,Clathrin
HGNC,CLTC,partof,FPLX,Clathrin
HGNC,RAD21,partof,FPLX,Cohesin
HGNC,SMC3,partof,FPLX,Cohesin
HGNC,MED1,partof,FPLX,CRSP
HGNC,MED14,partof,FPLX,CRSP
HGNC,MED17,partof,FPLX,CRSP
HGNC,MED23,partof,FPLX,CRSP
HGNC,MED26,partof,FPLX,CRSP
HGNC,MED27,partof,FPLX,CRSP
HGNC,MED7,partof,FPLX,CRSP
HGNC,DYNC1H1,partof,FPLX,Cytoplasmic_dynein
HGNC,DYNC1I1,partof,FPLX,Cytoplasmic_dynein
HGNC,DYNC1I2,partof,FPLX,Cytoplasmic_dynein
HGNC,DYNC1LI1,partof,FPLX,Cytoplasmic_dynein
HGNC,DYNC1LI2,partof,FPLX,Cytoplasmic_dynein
HGNC,DYNLL1,partof,FPLX,Cytoplasmic_dynein
HGNC,DYNLRB1,partof,FPLX,Cytoplasmic_dynein
HGNC,DYNLRB2,partof,FPLX,Cytoplasmic_dynein
HGNC,POLD1,partof,FPLX,DNA_polymerase_delta
HGNC,POLD2,partof,FPLX,DNA_polymerase_delta
HGNC,POLD3,partof,FPLX,DNA_polymerase_delta
HGNC,POLD4,partof,FPLX,DNA_polymerase_delta
HGNC,DAG1,partof,FPLX,DGC
HGNC,DMD,partof,FPLX,DGC
HGNC,DTNA,partof,FPLX,DGC
HGNC,DTNB,partof,FPLX,DGC
HGNC,NOS1,partof,FPLX,DGC
HGNC,SGCA,partof,FPLX,DGC
HGNC,SGCB,partof,FPLX,DGC
HGNC,SGCD,partof,FPLX,DGC
HGNC,SGCE,partof,FPLX,DGC
HGNC,SGCZ,partof,FPLX,DGC
HGNC,SNTA1,partof,FPLX,DGC
HGNC,SNTB1,partof,FPLX,DGC
HGNC,SNTG1,partof,FPLX,DGC
HGNC,SNTG2,partof,FPLX,DGC
HGNC,SSPN,partof,FPLX,DGC
HGNC,UTRN,partof,FPLX,DGC
HGNC,EIF2B1,partof,FPLX,EIF2B
HGNC,EIF2B2,partof,FPLX,EIF2B
HGNC,EIF2B3,partof,FPLX,EIF2B
HGNC,EIF2B4,partof,FPLX,EIF2B
HGNC,EIF2B5,partof,FPLX,EIF2B
HGNC,FGA,partof,FPLX,Fibrinogen
HGNC,FGB,partof,FPLX,Fibrinogen
HGNC,FGG,partof,FPLX,Fibrinogen
HGNC,CGA,partof,FPLX,FSH
HGNC,FSHB,partof,FPLX,FSH
HGNC,APH1A,partof,FPLX,Gamma_secretase
HGNC,PSEN1,partof,FPLX,Gamma_secretase
HGNC,PSENEN,partof,FPLX,Gamma_secretase
HGNC,GPAA1,partof,FPLX,GPIT
HGNC,PIGK,partof,FPLX,GPIT
HGNC,PIGS,partof,FPLX,GPIT
HGNC,PIGT,partof,FPLX,GPIT
HGNC,PIGU,partof,FPLX,GPIT
HGNC,GTF2E1,partof,FPLX,GTF2E
HGNC,GTF2E2,partof,FPLX,GTF2E
HGNC,GTF2F1,partof,FPLX,GTF2F
HGNC,GTF2F2,partof,FPLX,GTF2F
HGNC,ALB,partof,FPLX,HDL
HGNC,APOA1,partof,FPLX,HDL
HGNC,APOA2,partof,FPLX,HDL
HGNC,APOE,partof,FPLX,HDL
HGNC,CLU,partof,FPLX,HDL
HGNC,HBA1,partof,FPLX,Hemoglobin
HGNC,HBA2,partof,FPLX,Hemoglobin
HGNC,HBB,partof,FPLX,Hemoglobin
HGNC,HBD,partof,FPLX,Hemoglobin
HGNC,HBE1,partof,FPLX,Hemoglobin
HGNC,HBG1,partof,FPLX,Hemoglobin
HGNC,HBG2,partof,FPLX,Hemoglobin
HGNC,HBM,partof,FPLX,Hemoglobin
HGNC,HBQ1,partof,FPLX,Hemoglobin
HGNC,HBZ,partof,FPLX,Hemoglobin
HGNC,GP1BA,partof,FPLX,GPIb_IX_V
HGNC,GP1BB,partof,FPLX,GPIb_IX_V
HGNC,GP5,partof,FPLX,GPIb_IX_V
HGNC,GP9,partof,FPLX,GPIb_IX_V
HGNC,CHUK,partof,FPLX,IKK_complex
HGNC,IKBKB,partof,FPLX,IKK_complex
HGNC,IKBKG,partof,FPLX,IKK_complex
HGNC,IFNGR1,partof,FPLX,Interferon_gamma_receptor
HGNC,IFNGR2,partof,FPLX,Interferon_gamma_receptor
HGNC,BUB1,partof,FPLX,Kinetochore
HGNC,BUB1B,partof,FPLX,Kinetochore
HGNC,BUB3,partof,FPLX,Kinetochore
HGNC,CENPC,partof,FPLX,Kinetochore
HGNC,CENPE,partof,FPLX,Kinetochore
HGNC,CENPF,partof,FPLX,Kinetochore
HGNC,CENPH,partof,FPLX,Kinetochore
HGNC,DCTN2,partof,FPLX,Kinetochore
HGNC,KIF22,partof,FPLX,Kinetochore
HGNC,MAD2L1,partof,FPLX,Kinetochore
HGNC,PAFAH1B1,partof,FPLX,Kinetochore
HGNC,PSEN1,partof,FPLX,Kinetochore
HGNC,PSEN2,partof,FPLX,Kinetochore
HGNC,SMC1A,partof,FPLX,Kinetochore
HGNC,SUGT1,partof,FPLX,Kinetochore
HGNC,SUMO3,partof,FPLX,Kinetochore
HGNC,ZW10,partof,FPLX,Kinetochore
HGNC,LAMA1,partof,FPLX,Laminin_111
HGNC,LAMB1,partof,FPLX,Laminin_111
HGNC,LAMC1,partof,FPLX,Laminin_111
HGNC,LAMA3,partof,FPLX,Laminin_332
HGNC,LAMB3,partof,FPLX,Laminin_332
HGNC,LAMC2,partof,FPLX,Laminin_332
HGNC,CGA,partof,FPLX,LH
HGNC,LHB,partof,FPLX,LH
HGNC,C5,partof,FPLX,MAC
HGNC,C6,partof,FPLX,MAC
HGNC,C7,partof,FPLX,MAC
HGNC,C8A,partof,FPLX,MAC
HGNC,C8B,partof,FPLX,MAC
HGNC,C8G,partof,FPLX,MAC
HGNC,C9,partof,FPLX,MAC
HGNC,ATP1A1,isa,FPLX,ATP1A
HGNC,ATP1A2,isa,FPLX,ATP1A
HGNC,ATP1A3,isa,FPLX,ATP1A
HGNC,ATP1A4,isa,FPLX,ATP1A
HGNC,ATP1B1,isa,FPLX,ATP1B
HGNC,ATP1B2,isa,FPLX,ATP1B
HGNC,ATP1B3,isa,FPLX,ATP1B
HGNC,ATP1B4,isa,FPLX,ATP1B
FPLX,ATP1A,partof,FPLX,Na_K_ATPase
FPLX,ATP1B,partof,FPLX,Na_K_ATPase
HGNC,MT-ND1,partof,FPLX,NADH_dehydrogenase
HGNC,MT-ND2,partof,FPLX,NADH_dehydrogenase
HGNC,MT-ND3,partof,FPLX,NADH_dehydrogenase
HGNC,MT-ND4,partof,FPLX,NADH_dehydrogenase
HGNC,MT-ND4L,partof,FPLX,NADH_dehydrogenase
HGNC,MT-ND5,partof,FPLX,NADH_dehydrogenase
HGNC,MT-ND6,partof,FPLX,NADH_dehydrogenase
HGNC,CYBA,partof,FPLX,NADPH_oxidase
HGNC,CYBB,partof,FPLX,NADPH_oxidase
HGNC,DUOX1,partof,FPLX,NADPH_oxidase
HGNC,DUOX2,partof,FPLX,NADPH_oxidase
HGNC,NCF1,partof,FPLX,NADPH_oxidase
HGNC,NCF2,partof,FPLX,NADPH_oxidase
HGNC,NCF4,partof,FPLX,NADPH_oxidase
HGNC,NOX1,partof,FPLX,NADPH_oxidase
HGNC,NOX3,partof,FPLX,NADPH_oxidase
HGNC,NOX4,partof,FPLX,NADPH_oxidase
HGNC,NOX5,partof,FPLX,NADPH_oxidase
HGNC,RAC1,partof,FPLX,NADPH_oxidase
HGNC,NFYA,partof,FPLX,NFY
HGNC,NFYB,partof,FPLX,NFY
HGNC,NFYC,partof,FPLX,NFY
HGNC,CALM1,partof,FPLX,PhK
HGNC,PHKA1,partof,FPLX,PhK
HGNC,PHKA2,partof,FPLX,PhK
HGNC,PHKB,partof,FPLX,PhK
HGNC,PHKG1,partof,FPLX,PhK
HGNC,PHKG2,partof,FPLX,PhK
HGNC,BMI1,partof,FPLX,PRC1_complex
HGNC,CBX2,partof,FPLX,PRC1_complex
HGNC,CBX4,partof,FPLX,PRC1_complex
HGNC,CBX8,partof,FPLX,PRC1_complex
HGNC,PCGF2,partof,FPLX,PRC1_complex
HGNC,PHC1,partof,FPLX,PRC1_complex
HGNC,PHC2,partof,FPLX,PRC1_complex
HGNC,PHC3,partof,FPLX,PRC1_complex
HGNC,PHF1,partof,FPLX,PRC1_complex
HGNC,RING1,partof,FPLX,PRC1_complex
HGNC,RNF2,partof,FPLX,PRC1_complex
HGNC,SCMH1,partof,FPLX,PRC1_complex
HGNC,YY1,partof,FPLX,PRC1_complex
HGNC,ZNF134,partof,FPLX,PRC1_complex
HGNC,EED,partof,FPLX,PRC2_complex
HGNC,EZH1,partof,FPLX,PRC2_complex
HGNC,EZH2,partof,FPLX,PRC2_complex
HGNC,SUZ12,partof,FPLX,PRC2_complex
HGNC,PCCA,partof,FPLX,Propionyl_CoA_carboxylase
HGNC,PCCB,partof,FPLX,Propionyl_CoA_carboxylase
HGNC,PSMA1,partof,FPLX,Proteasome
HGNC,PSMA2,partof,FPLX,Proteasome
HGNC,PSMA3,partof,FPLX,Proteasome
HGNC,PSMA4,partof,FPLX,Proteasome
HGNC,PSMA5,partof,FPLX,Proteasome
HGNC,PSMA6,partof,FPLX,Proteasome
HGNC,PSMA7,partof,FPLX,Proteasome
HGNC,PSMA8,partof,FPLX,Proteasome
HGNC,PSMB1,partof,FPLX,Proteasome
HGNC,PSMB10,partof,FPLX,Proteasome
HGNC,PSMB2,partof,FPLX,Proteasome
HGNC,PSMB3,partof,FPLX,Proteasome
HGNC,PSMB4,partof,FPLX,Proteasome
HGNC,PSMB5,partof,FPLX,Proteasome
HGNC,PSMB6,partof,FPLX,Proteasome
HGNC,PSMB7,partof,FPLX,Proteasome
HGNC,PSMB8,partof,FPLX,Proteasome
HGNC,PSMB9,partof,FPLX,Proteasome
HGNC,PSMC1,partof,FPLX,Proteasome
HGNC,PSMC2,partof,FPLX,Proteasome
HGNC,PSMC3,partof,FPLX,Proteasome
HGNC,PSMC4,partof,FPLX,Proteasome
HGNC,PSMC5,partof,FPLX,Proteasome
HGNC,PSMC6,partof,FPLX,Proteasome
HGNC,PSMD1,partof,FPLX,Proteasome
HGNC,PSMD10,partof,FPLX,Proteasome
HGNC,PSMD11,partof,FPLX,Proteasome
HGNC,PSMD12,partof,FPLX,Proteasome
HGNC,PSMD13,partof,FPLX,Proteasome
HGNC,PSMD14,partof,FPLX,Proteasome
HGNC,PSMD2,partof,FPLX,Proteasome
HGNC,PSMD3,partof,FPLX,Proteasome
HGNC,PSMD4,partof,FPLX,Proteasome
HGNC,PSMD5,partof,FPLX,Proteasome
HGNC,PSMD6,partof,FPLX,Proteasome
HGNC,PSMD7,partof,FPLX,Proteasome
HGNC,PSMD8,partof,FPLX,Proteasome
HGNC,PSMD9,partof,FPLX,Proteasome
HGNC,PSME1,partof,FPLX,Proteasome
HGNC,PSME2,partof,FPLX,Proteasome
HGNC,PSME3,partof,FPLX,Proteasome
HGNC,PSMF1,partof,FPLX,Proteasome
HGNC,SEM1,partof,FPLX,Proteasome
HGNC,USP5,partof,FPLX,Proteasome
HGNC,ATP5F1A,partof,FPLX,ATP_synthase
HGNC,ATP5F1B,partof,FPLX,ATP_synthase
HGNC,ATP5F1C,partof,FPLX,ATP_synthase
HGNC,ATP5F1D,partof,FPLX,ATP_synthase
HGNC,ATP5F1E,partof,FPLX,ATP_synthase
HGNC,ATP5PB,partof,FPLX,ATP_synthase
FPLX,ATP5G,partof,FPLX,ATP_synthase
HGNC,ATP5PD,partof,FPLX,ATP_synthase
HGNC,ATP5ME,partof,FPLX,ATP_synthase
HGNC,ATP5MF,partof,FPLX,ATP_synthase
HGNC,ATP5MG,partof,FPLX,ATP_synthase
HGNC,ATP5PO,partof,FPLX,ATP_synthase
HGNC,ATP5PF,partof,FPLX,ATP_synthase
HGNC,MT-ATP6,partof,FPLX,ATP_synthase
HGNC,MT-ATP8,partof,FPLX,ATP_synthase
HGNC,DLAT,partof,FPLX,PDH
HGNC,DLD,partof,FPLX,PDH
HGNC,PDHA1,partof,FPLX,PDH
HGNC,PDHA2,partof,FPLX,PDH
HGNC,PDHB,partof,FPLX,PDH
HGNC,PDHX,partof,FPLX,PDH
HGNC,SDHA,partof,FPLX,ETC_complex_II
HGNC,SDHB,partof,FPLX,ETC_complex_II
HGNC,SDHC,partof,FPLX,ETC_complex_II
HGNC,SDHD,partof,FPLX,ETC_complex_II
HGNC,CYC1,partof,FPLX,ETC_complex_III
HGNC,MT-CYB,partof,FPLX,ETC_complex_III
HGNC,UQCRB,partof,FPLX,ETC_complex_III
HGNC,UQCRC1,partof,FPLX,ETC_complex_III
HGNC,UQCRC2,partof,FPLX,ETC_complex_III
HGNC,UQCRFS1,partof,FPLX,ETC_complex_III
HGNC,UQCRH,partof,FPLX,ETC_complex_III
HGNC,UQCRQ,partof,FPLX,ETC_complex_III
HGNC,RFC1,partof,FPLX,RFC
HGNC,RFC2,partof,FPLX,RFC
HGNC,RFC3,partof,FPLX,RFC
HGNC,RFC4,partof,FPLX,RFC
HGNC,RFC5,partof,FPLX,RFC
HGNC,POLR1A,partof,FPLX,RNApo_I
HGNC,POLR1B,partof,FPLX,RNApo_I
HGNC,POLR1C,partof,FPLX,RNApo_I
HGNC,POLR1D,partof,FPLX,RNApo_I
HGNC,POLR2A,partof,FPLX,RNApo_II
HGNC,POLR2B,partof,FPLX,RNApo_II
HGNC,POLR2C,partof,FPLX,RNApo_II
HGNC,POLR2D,partof,FPLX,RNApo_II
HGNC,POLR2E,partof,FPLX,RNApo_II
HGNC,POLR2F,partof,FPLX,RNApo_II
HGNC,POLR2G,partof,FPLX,RNApo_II
HGNC,POLR2H,partof,FPLX,RNApo_II
HGNC,POLR2I,partof,FPLX,RNApo_II
HGNC,POLR2J,partof,FPLX,RNApo_II
HGNC,POLR2J2,partof,FPLX,RNApo_II
HGNC,POLR2K,partof,FPLX,RNApo_II
HGNC,POLR2L,partof,FPLX,RNApo_II
HGNC,F2,partof,FPLX,Thrombin_antithrombin
HGNC,SERPINC1,partof,FPLX,Thrombin_antithrombin
HGNC,TAF1A,partof,FPLX,TIF_IB
HGNC,TAF1B,partof,FPLX,TIF_IB
HGNC,TAF1C,partof,FPLX,TIF_IB
HGNC,TBP,partof,FPLX,TIF_IB
HGNC,MAPKAP1,partof,FPLX,mTORC2
HGNC,MTOR,partof,FPLX,mTORC2
HGNC,RICTOR,partof,FPLX,mTORC2
HGNC,MLST8,partof,FPLX,mTORC2
HGNC,MTOR,partof,FPLX,mTORC1
HGNC,RPTOR,partof,FPLX,mTORC1
HGNC,TP53,isa,FPLX,p53_family
HGNC,TP63,isa,FPLX,p53_family
HGNC,TP73,isa,FPLX,p53_family
HGNC,PTCH1,isa,FPLX,Patched
HGNC,PTCH2,isa,FPLX,Patched
HGNC,TNNC1,isa,FPLX,Troponin_C
HGNC,TNNC2,isa,FPLX,Troponin_C
HGNC,TNNI1,isa,FPLX,Troponin_I
HGNC,TNNI2,isa,FPLX,Troponin_I
HGNC,TNNI3,isa,FPLX,Troponin_I
HGNC,TNNT1,isa,FPLX,Troponin_T
HGNC,TNNT2,isa,FPLX,Troponin_T
HGNC,TNNT3,isa,FPLX,Troponin_T
FPLX,Troponin_C,partof,FPLX,Troponin
FPLX,Troponin_I,partof,FPLX,Troponin
FPLX,Troponin_T,partof,FPLX,Troponin
HGNC,ATP2A1,isa,FPLX,SERCA
HGNC,ATP2A2,isa,FPLX,SERCA
HGNC,ATP2A3,isa,FPLX,SERCA
HGNC,YBX1,isa,FPLX,YBX
HGNC,YBX2,isa,FPLX,YBX
HGNC,YBX3,isa,FPLX,YBX
HGNC,CHEK1,isa,FPLX,CHEK
HGNC,CHEK2,isa,FPLX,CHEK
HGNC,PARP1,isa,FPLX,PARP
HGNC,PARP2,isa,FPLX,PARP
HGNC,PARP3,isa,FPLX,PARP
HGNC,PARP4,isa,FPLX,PARP
HGNC,PARP6,isa,FPLX,PARP
HGNC,PARP8,isa,FPLX,PARP
HGNC,PARP9,isa,FPLX,PARP
HGNC,PARP10,isa,FPLX,PARP
HGNC,PARP11,isa,FPLX,PARP
HGNC,PARP12,isa,FPLX,PARP
HGNC,PARP14,isa,FPLX,PARP
HGNC,PARP15,isa,FPLX,PARP
HGNC,PARP16,isa,FPLX,PARP
HGNC,TNKS,isa,FPLX,PARP
HGNC,TNKS2,isa,FPLX,PARP
HGNC,TIPARP,isa,FPLX,PARP
HGNC,NFE2L1,isa,FPLX,NFE
HGNC,NFE2L2,isa,FPLX,NFE
HGNC,NFE2L3,isa,FPLX,NFE
HGNC,CDKN1A,isa,FPLX,CDKN1
HGNC,CDKN1B,isa,FPLX,CDKN1
HGNC,CDKN1C,isa,FPLX,CDKN1
HGNC,CDKN2A,isa,FPLX,CDKN2
HGNC,CDKN2B,isa,FPLX,CDKN2
HGNC,CDKN2C,isa,FPLX,CDKN2
HGNC,CDKN2D,isa,FPLX,CDKN2
FPLX,CDKN1,isa,FPLX,CDKN
FPLX,CDKN2,isa,FPLX,CDKN
HGNC,CDKN3,isa,FPLX,CDKN
HGNC,ARHGDIA,isa,FPLX,RhoGDI
HGNC,ARHGDIB,isa,FPLX,RhoGDI
HGNC,ARHGDIG,isa,FPLX,RhoGDI
HGNC,RPA1,partof,FPLX,RPA
HGNC,RPA2,partof,FPLX,RPA
HGNC,RPA3,partof,FPLX,RPA
HGNC,TRA,partof,FPLX,TCR
HGNC,TRB,partof,FPLX,TCR
HGNC,TRD,partof,FPLX,TCR
HGNC,TRG,partof,FPLX,TCR
