WM	wm/concept/causal_factor/intervention/humanitarian_assistance	SOFIA	events2/Assistance/Assistance	0.8235168
WM	wm/concept/causal_factor/intervention/humanitarian_assistance	SOFIA	events2/Crisis/Crisis	0.6036665
WM	wm/concept/causal_factor/intervention/humanitarian_assistance	SOFIA	entities/Leadership/Community	0.5918607
WM	wm/concept/causal_factor/intervention/humanitarian_assistance	SOFIA	events1/Accessibility/Accessibility	0.5801849
WM	wm/concept/causal_factor/intervention/humanitarian_assistance	SOFIA	entities/Law_Policy	0.54800576
WM	wm/concept/causal_factor/intervention/provision_of_goods_and_services/education/child_friendly_learning_spaces	SOFIA	entities/Leadership/Community	0.5800898
WM	wm/concept/causal_factor/intervention/provision_of_goods_and_services/education/child_friendly_learning_spaces	SOFIA	events2/Information_Manag/Cogn_Process	0.5444525
WM	wm/concept/causal_factor/intervention/provision_of_goods_and_services/education/child_friendly_learning_spaces	SOFIA	events1/Accessibility/Accessibility	0.5374856
WM	wm/concept/causal_factor/intervention/provision_of_goods_and_services/education/child_friendly_learning_spaces	SOFIA	events1/Produce/Manufacture	0.48194444
WM	wm/concept/causal_factor/intervention/provision_of_goods_and_services/education/child_friendly_learning_spaces	SOFIA	events2/Assistance/Assistance	0.477908
WM	wm/concept/causal_factor/intervention/provision_of_goods_and_services/health/anti-retroviral_treatment	SOFIA	events1/Health/Medicine	0.11678503
WM	wm/concept/causal_factor/intervention/provision_of_goods_and_services/health/anti-retroviral_treatment	SOFIA	events2/Information_Manag/Cogn_Process	0.08519462
WM	wm/concept/causal_factor/intervention/provision_of_goods_and_services/health/anti-retroviral_treatment	SOFIA	events1/Health/Famine	0.07745018
WM	wm/concept/causal_factor/intervention/provision_of_goods_and_services/health/anti-retroviral_treatment	SOFIA	entities/Agriculture/Chemical_Substances	0.07585489
WM	wm/concept/causal_factor/intervention/provision_of_goods_and_services/health/anti-retroviral_treatment	SOFIA	events2/Forecasting/Risk	0.071666144
WM	wm/concept/causal_factor/intervention/provision_of_goods_and_services/health/sexual_violence_management	SOFIA	events1/Conflict/Hostility	0.6014842
WM	wm/concept/causal_factor/intervention/provision_of_goods_and_services/health/sexual_violence_management	SOFIA	entities/Leadership/Community	0.59544927
WM	wm/concept/causal_factor/intervention/provision_of_goods_and_services/health/sexual_violence_management	SOFIA	events2/Assistance/Assistance	0.58446515
WM	wm/concept/causal_factor/intervention/provision_of_goods_and_services/health/sexual_violence_management	SOFIA	events2/Crisis/Crisis	0.58107
WM	wm/concept/causal_factor/intervention/provision_of_goods_and_services/health/sexual_violence_management	SOFIA	events2/Forecasting/Risk	0.57160926
WM	wm/concept/causal_factor/intervention/provision_of_goods_and_services/health/vector_control	SOFIA	events1/Produce/Manufacture	0.41189465
WM	wm/concept/causal_factor/intervention/provision_of_goods_and_services/health/vector_control	SOFIA	events1/Accessibility/Accessibility	0.40846983
WM	wm/concept/causal_factor/intervention/provision_of_goods_and_services/health/vector_control	SOFIA	events2/Assistance/Assistance	0.40403032
WM	wm/concept/causal_factor/intervention/provision_of_goods_and_services/health/vector_control	SOFIA	entities/Industrial_Artifacts	0.39525467
WM	wm/concept/causal_factor/intervention/provision_of_goods_and_services/health/vector_control	SOFIA	events1/Change	0.3946057
WM	wm/concept/causal_factor/intervention/provision_of_goods_and_services/nutrition/therapeutic_feeding_or_treating	SOFIA	entities/Agriculture/Animals	0.52394944
WM	wm/concept/causal_factor/intervention/provision_of_goods_and_services/nutrition/therapeutic_feeding_or_treating	SOFIA	events2/Assistance/Assistance	0.48873016
WM	wm/concept/causal_factor/intervention/provision_of_goods_and_services/nutrition/therapeutic_feeding_or_treating	SOFIA	events2/Information_Manag/Cogn_Process	0.48265898
WM	wm/concept/causal_factor/intervention/provision_of_goods_and_services/nutrition/therapeutic_feeding_or_treating	SOFIA	events1/Health/Medicine	0.47461456
WM	wm/concept/causal_factor/intervention/provision_of_goods_and_services/nutrition/therapeutic_feeding_or_treating	SOFIA	events1/Produce/Agriculture	0.4745676
WM	wm/concept/causal_factor/intervention/provision_of_goods_and_services/provide_hygiene_tool	SOFIA	events2/Assistance/Assistance	0.62917924
WM	wm/concept/causal_factor/intervention/provision_of_goods_and_services/provide_hygiene_tool	SOFIA	events1/Accessibility/Accessibility	0.60996866
WM	wm/concept/causal_factor/intervention/provision_of_goods_and_services/provide_hygiene_tool	SOFIA	events1/Produce/Manufacture	0.5921459
WM	wm/concept/causal_factor/intervention/provision_of_goods_and_services/provide_hygiene_tool	SOFIA	entities/Leadership/Community	0.5384749
WM	wm/concept/causal_factor/intervention/provision_of_goods_and_services/provide_hygiene_tool	SOFIA	events2/Information_Manag/Cogn_Process	0.4985364
WM	wm/concept/causal_factor/intervention/provision_of_goods_and_services/provide_delivery_kit	SOFIA	events1/Movement/Transportation	0.57585514
WM	wm/concept/causal_factor/intervention/provision_of_goods_and_services/provide_delivery_kit	SOFIA	events2/Assistance/Assistance	0.56315386
WM	wm/concept/causal_factor/intervention/provision_of_goods_and_services/provide_delivery_kit	SOFIA	events1/Produce/Manufacture	0.5593121
WM	wm/concept/causal_factor/intervention/provision_of_goods_and_services/provide_delivery_kit	SOFIA	events1/Accessibility/Accessibility	0.5332626
WM	wm/concept/causal_factor/intervention/provision_of_goods_and_services/provide_delivery_kit	SOFIA	entities/Industrial_Artifacts	0.46557325
WM	wm/concept/causal_factor/intervention/provision_of_goods_and_services/provide_farming_tool	SOFIA	events1/Produce/Manufacture	0.6446075
WM	wm/concept/causal_factor/intervention/provision_of_goods_and_services/provide_farming_tool	SOFIA	events2/Assistance/Assistance	0.6180481
WM	wm/concept/causal_factor/intervention/provision_of_goods_and_services/provide_farming_tool	SOFIA	events1/Accessibility/Accessibility	0.5899557
WM	wm/concept/causal_factor/intervention/provision_of_goods_and_services/provide_farming_tool	SOFIA	events1/Produce/Agriculture	0.5790657
WM	wm/concept/causal_factor/intervention/provision_of_goods_and_services/provide_farming_tool	SOFIA	entities/Leadership/Community	0.5764869
WM	wm/concept/causal_factor/intervention/provision_of_goods_and_services/provide_seed	SOFIA	events1/Produce/Manufacture	0.57046765
WM	wm/concept/causal_factor/intervention/provision_of_goods_and_services/provide_seed	SOFIA	events2/Assistance/Assistance	0.55395025
WM	wm/concept/causal_factor/intervention/provision_of_goods_and_services/provide_seed	SOFIA	events1/Accessibility/Accessibility	0.5149753
WM	wm/concept/causal_factor/intervention/provision_of_goods_and_services/provide_seed	SOFIA	events1/Produce/Agriculture	0.48969272
WM	wm/concept/causal_factor/intervention/provision_of_goods_and_services/provide_seed	SOFIA	entities/Leadership/Community	0.48045677
WM	wm/concept/causal_factor/intervention/provision_of_goods_and_services/provide_livestock_feed	SOFIA	events1/Produce/Agriculture	0.6572225
WM	wm/concept/causal_factor/intervention/provision_of_goods_and_services/provide_livestock_feed	SOFIA	entities/Agriculture/Animals	0.5699464
WM	wm/concept/causal_factor/intervention/provision_of_goods_and_services/provide_livestock_feed	SOFIA	events1/Produce/Manufacture	0.555627
WM	wm/concept/causal_factor/intervention/provision_of_goods_and_services/provide_livestock_feed	SOFIA	events2/Assistance/Assistance	0.5456984
WM	wm/concept/causal_factor/intervention/provision_of_goods_and_services/provide_livestock_feed	SOFIA	events1/Accessibility/Accessibility	0.53100145
WM	wm/concept/causal_factor/intervention/provision_of_goods_and_services/provide_veterinary_service	SOFIA	events2/Assistance/Assistance	0.62304413
WM	wm/concept/causal_factor/intervention/provision_of_goods_and_services/provide_veterinary_service	SOFIA	events1/Accessibility/Accessibility	0.6001753
WM	wm/concept/causal_factor/intervention/provision_of_goods_and_services/provide_veterinary_service	SOFIA	entities/Leadership/Community	0.5535528
WM	wm/concept/causal_factor/intervention/provision_of_goods_and_services/provide_veterinary_service	SOFIA	events1/Movement/Transportation	0.53487873
WM	wm/concept/causal_factor/intervention/provision_of_goods_and_services/provide_veterinary_service	SOFIA	events1/Produce/Manufacture	0.5344551
WM	wm/concept/causal_factor/intervention/provision_of_goods_and_services/provide_stationary	SOFIA	events2/Assistance/Assistance	0.62872773
WM	wm/concept/causal_factor/intervention/provision_of_goods_and_services/provide_stationary	SOFIA	events1/Produce/Manufacture	0.6004665
WM	wm/concept/causal_factor/intervention/provision_of_goods_and_services/provide_stationary	SOFIA	events1/Accessibility/Accessibility	0.5765047
WM	wm/concept/causal_factor/intervention/provision_of_goods_and_services/provide_stationary	SOFIA	entities/Leadership/Community	0.49337646
WM	wm/concept/causal_factor/intervention/provision_of_goods_and_services/provide_stationary	SOFIA	events2/Information_Manag/Cogn_Process	0.48174798
WM	wm/concept/causal_factor/intervention/provision_of_goods_and_services/provide_fishing_tool	SOFIA	events2/Assistance/Assistance	0.5791033
WM	wm/concept/causal_factor/intervention/provision_of_goods_and_services/provide_fishing_tool	SOFIA	events1/Produce/Manufacture	0.57799685
WM	wm/concept/causal_factor/intervention/provision_of_goods_and_services/provide_fishing_tool	SOFIA	events1/Accessibility/Accessibility	0.5713316
WM	wm/concept/causal_factor/intervention/provision_of_goods_and_services/provide_fishing_tool	SOFIA	entities/Leadership/Community	0.5394322
WM	wm/concept/causal_factor/intervention/provision_of_goods_and_services/provide_fishing_tool	SOFIA	events1/Economy/Commerce	0.49631825
WM	wm/concept/causal_factor/intervention/provision_of_goods_and_services/provide_cash	SOFIA	entities/Economy/Money	0.6839335
WM	wm/concept/causal_factor/intervention/provision_of_goods_and_services/provide_cash	SOFIA	events1/Economy/Commerce	0.673603
WM	wm/concept/causal_factor/intervention/provision_of_goods_and_services/provide_cash	SOFIA	events2/Assistance/Assistance	0.6491075
WM	wm/concept/causal_factor/intervention/provision_of_goods_and_services/provide_cash	SOFIA	events1/Accessibility/Accessibility	0.6108482
WM	wm/concept/causal_factor/intervention/provision_of_goods_and_services/provide_cash	SOFIA	events1/Produce/Manufacture	0.57516414
WM	wm/concept/causal_factor/intervention/provision_of_goods_and_services/provide_food	SOFIA	events2/Assistance/Assistance	0.6131563
WM	wm/concept/causal_factor/intervention/provision_of_goods_and_services/provide_food	SOFIA	events1/Produce/Manufacture	0.59870285
WM	wm/concept/causal_factor/intervention/provision_of_goods_and_services/provide_food	SOFIA	events1/Accessibility/Accessibility	0.5766217
WM	wm/concept/causal_factor/intervention/provision_of_goods_and_services/provide_food	SOFIA	entities/Leadership/Community	0.57445645
WM	wm/concept/causal_factor/intervention/provision_of_goods_and_services/provide_food	SOFIA	events1/Economy/Commerce	0.5240189
WM	wm/concept/causal_factor/intervention/provision_of_goods_and_services/provide_veterinary_drugs_vaccines	SOFIA	events2/Assistance/Assistance	0.6145141
WM	wm/concept/causal_factor/intervention/provision_of_goods_and_services/provide_veterinary_drugs_vaccines	SOFIA	events1/Health/Medicine	0.54512376
WM	wm/concept/causal_factor/intervention/provision_of_goods_and_services/provide_veterinary_drugs_vaccines	SOFIA	events1/Produce/Manufacture	0.54255944
WM	wm/concept/causal_factor/intervention/provision_of_goods_and_services/provide_veterinary_drugs_vaccines	SOFIA	events1/Accessibility/Accessibility	0.5273792
WM	wm/concept/causal_factor/intervention/provision_of_goods_and_services/provide_veterinary_drugs_vaccines	SOFIA	entities/Leadership/Community	0.51454055
WM	wm/concept/causal_factor/intervention/provision_of_goods_and_services/provide_moving_of_houseHolds	SOFIA	events2/Assistance/Assistance	0.6609278
WM	wm/concept/causal_factor/intervention/provision_of_goods_and_services/provide_moving_of_houseHolds	SOFIA	events1/Produce/Manufacture	0.6158087
WM	wm/concept/causal_factor/intervention/provision_of_goods_and_services/provide_moving_of_houseHolds	SOFIA	events1/Accessibility/Accessibility	0.6119529
WM	wm/concept/causal_factor/intervention/provision_of_goods_and_services/provide_moving_of_houseHolds	SOFIA	events2/Information_Manag/Cogn_Process	0.5911592
WM	wm/concept/causal_factor/intervention/provision_of_goods_and_services/provide_moving_of_houseHolds	SOFIA	entities/Leadership/Community	0.5793122
WM	wm/concept/causal_factor/intervention/infrastructure	SOFIA	events1/Movement/Transportation	0.08627178
WM	wm/concept/causal_factor/intervention/infrastructure	SOFIA	entities/Leadership/Government	0.084183775
WM	wm/concept/causal_factor/intervention/infrastructure	SOFIA	events2/Assistance/Assistance	0.078675576
WM	wm/concept/causal_factor/intervention/infrastructure	SOFIA	events2/Crisis/Crisis	0.0771589
WM	wm/concept/causal_factor/intervention/infrastructure	SOFIA	entities/Leadership/Community	0.07501613
WM	wm/concept/causal_factor/intervention/peacekeeping_and_security	SOFIA	events2/Assistance/Assistance	0.09130952
WM	wm/concept/causal_factor/intervention/peacekeeping_and_security	SOFIA	entities/Leadership/Government	0.09043842
WM	wm/concept/causal_factor/intervention/peacekeeping_and_security	SOFIA	events2/Crisis/Crisis	0.082502276
WM	wm/concept/causal_factor/intervention/peacekeeping_and_security	SOFIA	events1/Conflict/Attack	0.07954263
WM	wm/concept/causal_factor/intervention/peacekeeping_and_security	SOFIA	entities/Leadership/Community	0.074790776
WM	wm/concept/causal_factor/intervention/institutional_support/protection/capacity_building_human_right	SOFIA	entities/Locales/Artificial	0.6044238
WM	wm/concept/causal_factor/intervention/institutional_support/protection/capacity_building_human_right	SOFIA	entities/Leadership/Community	0.57511926
WM	wm/concept/causal_factor/intervention/institutional_support/protection/capacity_building_human_right	SOFIA	events2/Information_Manag/Cogn_Process	0.5580101
WM	wm/concept/causal_factor/intervention/institutional_support/protection/capacity_building_human_right	SOFIA	events1/Produce/Manufacture	0.54564106
WM	wm/concept/causal_factor/intervention/institutional_support/protection/capacity_building_human_right	SOFIA	events1/Accessibility/Accessibility	0.5211073
WM	wm/concept/causal_factor/environment/environment	SOFIA	entities/Leadership/Community	0.52881116
WM	wm/concept/causal_factor/environment/environment	SOFIA	events1/Produce/Manufacture	0.5102283
WM	wm/concept/causal_factor/environment/environment	SOFIA	events1/Accessibility/Accessibility	0.50299686
WM	wm/concept/causal_factor/environment/environment	SOFIA	events2/Information_Manag/Cogn_Process	0.4530653
WM	wm/concept/causal_factor/environment/environment	SOFIA	entities/Locales/Natural_features	0.44678378
WM	wm/concept/causal_factor/environment/climate_change_mitigation	SOFIA	events1/Natural_Phenomena/Weather	0.590252
WM	wm/concept/causal_factor/environment/climate_change_mitigation	SOFIA	events2/Crisis/Crisis	0.54698116
WM	wm/concept/causal_factor/environment/climate_change_mitigation	SOFIA	events2/Forecasting/Risk	0.5198006
WM	wm/concept/causal_factor/environment/climate_change_mitigation	SOFIA	events2/Forecasting/Likelihood	0.49235076
WM	wm/concept/causal_factor/environment/climate_change_mitigation	SOFIA	events1/Change	0.48404595
WM	wm/concept/causal_factor/environment/resource_management	SOFIA	events1/Produce/Agriculture	0.6106003
WM	wm/concept/causal_factor/environment/resource_management	SOFIA	entities/Locales/Natural_features	0.5974138
WM	wm/concept/causal_factor/environment/resource_management	SOFIA	entities/Leadership/Community	0.5233921
WM	wm/concept/causal_factor/environment/resource_management	SOFIA	events1/Accessibility/Accessibility	0.50388294
WM	wm/concept/causal_factor/environment/resource_management	SOFIA	entities/Agriculture/Animals	0.4988161
WM	wm/concept/causal_factor/environment/forestry	SOFIA	events1/Produce/Agriculture	0.6319531
WM	wm/concept/causal_factor/environment/forestry	SOFIA	entities/Locales/Natural_features	0.45802063
WM	wm/concept/causal_factor/environment/forestry	SOFIA	entities/Agriculture/Animals	0.4552173
WM	wm/concept/causal_factor/environment/forestry	SOFIA	events1/Natural_Phenomena/Weather	0.40333515
WM	wm/concept/causal_factor/environment/forestry	SOFIA	events1/Economy/Market	0.36797953
WM	wm/concept/causal_factor/environment/natural_resources/natural_resource	SOFIA	events1/Accessibility/Accessibility	0.493829
WM	wm/concept/causal_factor/environment/natural_resources/natural_resource	SOFIA	events2/Assistance/Assistance	0.46193242
WM	wm/concept/causal_factor/environment/natural_resources/natural_resource	SOFIA	entities/Leadership/Community	0.45449787
WM	wm/concept/causal_factor/environment/natural_resources/natural_resource	SOFIA	entities/Information_Sources	0.45131314
WM	wm/concept/causal_factor/environment/natural_resources/natural_resource	SOFIA	events1/Economy/Commerce	0.44901836
WM	wm/concept/causal_factor/environment/natural_resources/land	SOFIA	entities/Locales/Natural_features	0.74774826
WM	wm/concept/causal_factor/environment/natural_resources/land	SOFIA	events1/Produce/Agriculture	0.63895833
WM	wm/concept/causal_factor/environment/natural_resources/land	SOFIA	entities/Agriculture/Animals	0.577029
WM	wm/concept/causal_factor/environment/natural_resources/land	SOFIA	entities/Locales/Artificial	0.55471545
WM	wm/concept/causal_factor/environment/natural_resources/land	SOFIA	events1/Natural_Phenomena/Weather	0.51627266
WM	wm/concept/causal_factor/environment/natural_resources/water_bodies	SOFIA	entities/Locales/Natural_features	0.7338843
WM	wm/concept/causal_factor/environment/natural_resources/water_bodies	SOFIA	events1/Natural_Phenomena/Weather	0.65683347
WM	wm/concept/causal_factor/environment/natural_resources/water_bodies	SOFIA	events1/Produce/Agriculture	0.5424049
WM	wm/concept/causal_factor/environment/natural_resources/water_bodies	SOFIA	entities/Agriculture/Chemical_Substances	0.5420755
WM	wm/concept/causal_factor/environment/natural_resources/water_bodies	SOFIA	entities/Agriculture/Animals	0.542043
WM	wm/concept/causal_factor/environment/natural_resources/land_availability	SOFIA	entities/Locales/Natural_features	0.6371369
WM	wm/concept/causal_factor/environment/natural_resources/land_availability	SOFIA	events1/Produce/Agriculture	0.56593096
WM	wm/concept/causal_factor/environment/natural_resources/land_availability	SOFIA	entities/Leadership/Government	0.49403062
WM	wm/concept/causal_factor/environment/natural_resources/land_availability	SOFIA	entities/Leadership/Community	0.47366777
WM	wm/concept/causal_factor/environment/natural_resources/land_availability	SOFIA	entities/Locales/Artificial	0.47161695
WM	wm/concept/causal_factor/environment/natural_resources/water_commodity	SOFIA	events1/Natural_Phenomena/Weather	0.61947834
WM	wm/concept/causal_factor/environment/natural_resources/water_commodity	SOFIA	entities/Locales/Natural_features	0.5975441
WM	wm/concept/causal_factor/environment/natural_resources/water_commodity	SOFIA	entities/Agriculture/Chemical_Substances	0.5619978
WM	wm/concept/causal_factor/environment/natural_resources/water_commodity	SOFIA	events1/Produce/Agriculture	0.5049514
WM	wm/concept/causal_factor/environment/natural_resources/water_commodity	SOFIA	entities/Agriculture/Animals	0.45072117
WM	wm/concept/causal_factor/environment/natural_resources/fossil_fuels	SOFIA	entities/Agriculture/Chemical_Substances	0.5861372
WM	wm/concept/causal_factor/environment/natural_resources/fossil_fuels	SOFIA	events1/Economy/Commerce	0.4543592
WM	wm/concept/causal_factor/environment/natural_resources/fossil_fuels	SOFIA	events1/Natural_Phenomena/Weather	0.45297587
WM	wm/concept/causal_factor/environment/natural_resources/fossil_fuels	SOFIA	events1/Produce/Manufacture	0.44160464
WM	wm/concept/causal_factor/environment/natural_resources/fossil_fuels	SOFIA	events1/Economy/Market	0.43823302
WM	wm/concept/causal_factor/environment/natural_resources/soil	SOFIA	events1/Produce/Agriculture	0.5838639
WM	wm/concept/causal_factor/environment/natural_resources/soil	SOFIA	events1/Natural_Phenomena/Weather	0.55391777
WM	wm/concept/causal_factor/environment/natural_resources/soil	SOFIA	entities/Agriculture/Chemical_Substances	0.5522431
WM	wm/concept/causal_factor/environment/natural_resources/soil	SOFIA	entities/Agriculture/Animals	0.540547
WM	wm/concept/causal_factor/environment/natural_resources/soil	SOFIA	entities/Locales/Natural_features	0.5353327
WM	wm/concept/causal_factor/environment/natural_resources/water_management	SOFIA	entities/Locales/Natural_features	0.5489333
WM	wm/concept/causal_factor/environment/natural_resources/water_management	SOFIA	events1/Natural_Phenomena/Weather	0.53263193
WM	wm/concept/causal_factor/environment/natural_resources/water_management	SOFIA	events1/Accessibility/Accessibility	0.5190525
WM	wm/concept/causal_factor/environment/natural_resources/water_management	SOFIA	entities/Leadership/Corporation	0.5184102
WM	wm/concept/causal_factor/environment/natural_resources/water_management	SOFIA	events1/Produce/Agriculture	0.51492196
WM	wm/concept/causal_factor/environment/pollution/air_pollution	SOFIA	entities/Agriculture/Chemical_Substances	0.583855
WM	wm/concept/causal_factor/environment/pollution/air_pollution	SOFIA	events1/Natural_Phenomena/Weather	0.52259284
WM	wm/concept/causal_factor/environment/pollution/air_pollution	SOFIA	events1/Change	0.40455267
WM	wm/concept/causal_factor/environment/pollution/air_pollution	SOFIA	entities/Locales/Natural_features	0.3923626
WM	wm/concept/causal_factor/environment/pollution/air_pollution	SOFIA	events2/Forecasting/Risk	0.3915696
WM	wm/concept/causal_factor/environment/pollution/land_pollution	SOFIA	events1/Natural_Phenomena/Weather	0.64946586
WM	wm/concept/causal_factor/environment/pollution/land_pollution	SOFIA	entities/Agriculture/Chemical_Substances	0.64136523
WM	wm/concept/causal_factor/environment/pollution/land_pollution	SOFIA	events1/Produce/Agriculture	0.5754984
WM	wm/concept/causal_factor/environment/pollution/land_pollution	SOFIA	entities/Locales/Natural_features	0.5654242
WM	wm/concept/causal_factor/environment/pollution/land_pollution	SOFIA	entities/Agriculture/Animals	0.5505104
WM	wm/concept/causal_factor/environment/pollution/climate_change	SOFIA	events1/Natural_Phenomena/Weather	0.5610678
WM	wm/concept/causal_factor/environment/pollution/climate_change	SOFIA	events1/Health/Famine	0.5044998
WM	wm/concept/causal_factor/environment/pollution/climate_change	SOFIA	events1/Produce/Agriculture	0.48270005
WM	wm/concept/causal_factor/environment/pollution/climate_change	SOFIA	entities/Locales/Natural_features	0.42720848
WM	wm/concept/causal_factor/environment/pollution/climate_change	SOFIA	events2/Crisis/Crisis	0.41984698
WM	wm/concept/causal_factor/food_water_and_nutrition/water_insecurity	SOFIA	events1/Natural_Phenomena/Weather	0.62675565
WM	wm/concept/causal_factor/food_water_and_nutrition/water_insecurity	SOFIA	events2/Information_Manag/Emotion	0.5772789
WM	wm/concept/causal_factor/food_water_and_nutrition/water_insecurity	SOFIA	events2/Crisis/Crisis	0.5566764
WM	wm/concept/causal_factor/food_water_and_nutrition/water_insecurity	SOFIA	entities/Locales/Natural_features	0.54687524
WM	wm/concept/causal_factor/food_water_and_nutrition/water_insecurity	SOFIA	events1/Accessibility/Accessibility	0.53834444
WM	wm/concept/causal_factor/food_water_and_nutrition/water_management	SOFIA	entities/Locales/Natural_features	0.54230976
WM	wm/concept/causal_factor/food_water_and_nutrition/water_management	SOFIA	events1/Natural_Phenomena/Weather	0.5202553
WM	wm/concept/causal_factor/food_water_and_nutrition/water_management	SOFIA	events1/Produce/Agriculture	0.5141701
WM	wm/concept/causal_factor/food_water_and_nutrition/water_management	SOFIA	events1/Accessibility/Accessibility	0.5140398
WM	wm/concept/causal_factor/food_water_and_nutrition/water_management	SOFIA	entities/Leadership/Corporation	0.5134308
WM	wm/concept/causal_factor/food_water_and_nutrition/water_security	SOFIA	events1/Accessibility/Accessibility	0.6213081
WM	wm/concept/causal_factor/food_water_and_nutrition/water_security	SOFIA	events1/Natural_Phenomena/Weather	0.5206961
WM	wm/concept/causal_factor/food_water_and_nutrition/water_security	SOFIA	entities/Locales/Natural_features	0.5168347
WM	wm/concept/causal_factor/food_water_and_nutrition/water_security	SOFIA	entities/Leadership/Government	0.50681126
WM	wm/concept/causal_factor/food_water_and_nutrition/water_security	SOFIA	entities/Leadership/Community	0.5043053
WM	wm/concept/causal_factor/crisis_and_disaster/crisis/crisis	SOFIA	events2/Crisis/Crisis	0.89874697
WM	wm/concept/causal_factor/crisis_and_disaster/crisis/crisis	SOFIA	events2/Forecasting/Risk	0.62132657
WM	wm/concept/causal_factor/crisis_and_disaster/crisis/crisis	SOFIA	events2/Assistance/Assistance	0.5652065
WM	wm/concept/causal_factor/crisis_and_disaster/crisis/crisis	SOFIA	events1/Economy/Market	0.5525712
WM	wm/concept/causal_factor/crisis_and_disaster/crisis/crisis	SOFIA	events1/Conflict/Attack	0.5503406
WM	wm/concept/causal_factor/crisis_and_disaster/crisis/economic_crisis/poverty	SOFIA	events1/Health/Famine	0.5839425
WM	wm/concept/causal_factor/crisis_and_disaster/crisis/economic_crisis/poverty	SOFIA	events1/Conflict/Hostility	0.55732507
WM	wm/concept/causal_factor/crisis_and_disaster/crisis/economic_crisis/poverty	SOFIA	events2/Crisis/Crisis	0.52981913
WM	wm/concept/causal_factor/crisis_and_disaster/crisis/economic_crisis/poverty	SOFIA	events2/Information_Manag/Emotion	0.5005114
WM	wm/concept/causal_factor/crisis_and_disaster/crisis/economic_crisis/poverty	SOFIA	entities/Leadership/Community	0.4782351
WM	wm/concept/causal_factor/crisis_and_disaster/crisis/environmental_factor/crop_failure	SOFIA	events2/Crisis/Crisis	0.5904169
WM	wm/concept/causal_factor/crisis_and_disaster/crisis/environmental_factor/crop_failure	SOFIA	events1/Change	0.578466
WM	wm/concept/causal_factor/crisis_and_disaster/crisis/environmental_factor/crop_failure	SOFIA	events2/Forecasting/Risk	0.5699813
WM	wm/concept/causal_factor/crisis_and_disaster/crisis/environmental_factor/crop_failure	SOFIA	events1/Produce/Agriculture	0.5537753
WM	wm/concept/causal_factor/crisis_and_disaster/crisis/environmental_factor/crop_failure	SOFIA	events2/Forecasting/Likelihood	0.5070407
WM	wm/concept/causal_factor/crisis_and_disaster/crisis/environmental_factor/insect_infestation	SOFIA	entities/Agriculture/Animals	0.5548029
WM	wm/concept/causal_factor/crisis_and_disaster/crisis/environmental_factor/insect_infestation	SOFIA	events1/Health/Medicine	0.43480253
WM	wm/concept/causal_factor/crisis_and_disaster/crisis/environmental_factor/insect_infestation	SOFIA	events1/Produce/Agriculture	0.40128204
WM	wm/concept/causal_factor/crisis_and_disaster/crisis/environmental_factor/insect_infestation	SOFIA	events1/Natural_Phenomena/Weather	0.38916042
WM	wm/concept/causal_factor/crisis_and_disaster/crisis/environmental_factor/insect_infestation	SOFIA	events2/Crisis/Crisis	0.35309088
WM	wm/concept/causal_factor/crisis_and_disaster/crisis/environmental_factor/natural_disaster/flooding	SOFIA	events1/Natural_Phenomena/Weather	0.59233177
WM	wm/concept/causal_factor/crisis_and_disaster/crisis/environmental_factor/natural_disaster/flooding	SOFIA	events2/Crisis/Crisis	0.534592
WM	wm/concept/causal_factor/crisis_and_disaster/crisis/environmental_factor/natural_disaster/flooding	SOFIA	entities/Locales/Natural_features	0.46888453
WM	wm/concept/causal_factor/crisis_and_disaster/crisis/environmental_factor/natural_disaster/flooding	SOFIA	events2/Forecasting/Risk	0.43350807
WM	wm/concept/causal_factor/crisis_and_disaster/crisis/environmental_factor/natural_disaster/flooding	SOFIA	events1/Conflict/Attack	0.40549353
WM	wm/concept/causal_factor/crisis_and_disaster/crisis/environmental_factor/natural_disaster/avalanche	SOFIA	events1/Natural_Phenomena/Weather	0.4206056
WM	wm/concept/causal_factor/crisis_and_disaster/crisis/environmental_factor/natural_disaster/avalanche	SOFIA	events2/Crisis/Crisis	0.3826936
WM	wm/concept/causal_factor/crisis_and_disaster/crisis/environmental_factor/natural_disaster/avalanche	SOFIA	entities/Locales/Natural_features	0.3588227
WM	wm/concept/causal_factor/crisis_and_disaster/crisis/environmental_factor/natural_disaster/avalanche	SOFIA	events2/Forecasting/Risk	0.34691074
WM	wm/concept/causal_factor/crisis_and_disaster/crisis/environmental_factor/natural_disaster/avalanche	SOFIA	events1/Conflict/Attack	0.316133
WM	wm/concept/causal_factor/crisis_and_disaster/crisis/environmental_factor/natural_disaster/wildfire	SOFIA	events1/Natural_Phenomena/Weather	0.46131492
WM	wm/concept/causal_factor/crisis_and_disaster/crisis/environmental_factor/natural_disaster/wildfire	SOFIA	events2/Crisis/Crisis	0.4080881
WM	wm/concept/causal_factor/crisis_and_disaster/crisis/environmental_factor/natural_disaster/wildfire	SOFIA	entities/Locales/Natural_features	0.3984481
WM	wm/concept/causal_factor/crisis_and_disaster/crisis/environmental_factor/natural_disaster/wildfire	SOFIA	events1/Conflict/Attack	0.3593393
WM	wm/concept/causal_factor/crisis_and_disaster/crisis/environmental_factor/natural_disaster/wildfire	SOFIA	events2/Forecasting/Risk	0.32680228
WM	wm/concept/causal_factor/crisis_and_disaster/crisis/environmental_factor/natural_disaster/volcanic_eruption	SOFIA	events1/Natural_Phenomena/Weather	0.4432106
WM	wm/concept/causal_factor/crisis_and_disaster/crisis/environmental_factor/natural_disaster/volcanic_eruption	SOFIA	events2/Crisis/Crisis	0.4003293
WM	wm/concept/causal_factor/crisis_and_disaster/crisis/environmental_factor/natural_disaster/volcanic_eruption	SOFIA	entities/Locales/Natural_features	0.33117104
WM	wm/concept/causal_factor/crisis_and_disaster/crisis/environmental_factor/natural_disaster/volcanic_eruption	SOFIA	events1/Conflict/Attack	0.30333096
WM	wm/concept/causal_factor/crisis_and_disaster/crisis/environmental_factor/natural_disaster/volcanic_eruption	SOFIA	events1/Health/Medicine	0.29103595
WM	wm/concept/causal_factor/crisis_and_disaster/crisis/environmental_factor/natural_disaster/drought	SOFIA	events1/Natural_Phenomena/Weather	0.6474884
WM	wm/concept/causal_factor/crisis_and_disaster/crisis/environmental_factor/natural_disaster/drought	SOFIA	events1/Produce/Agriculture	0.53400666
WM	wm/concept/causal_factor/crisis_and_disaster/crisis/environmental_factor/natural_disaster/drought	SOFIA	events2/Crisis/Crisis	0.50668305
WM	wm/concept/causal_factor/crisis_and_disaster/crisis/environmental_factor/natural_disaster/drought	SOFIA	events1/Health/Famine	0.46246526
WM	wm/concept/causal_factor/crisis_and_disaster/crisis/environmental_factor/natural_disaster/drought	SOFIA	entities/Agriculture/Animals	0.4551741
WM	wm/concept/causal_factor/crisis_and_disaster/crisis/environmental_factor/natural_disaster/storm	SOFIA	events1/Natural_Phenomena/Weather	0.6627387
WM	wm/concept/causal_factor/crisis_and_disaster/crisis/environmental_factor/natural_disaster/storm	SOFIA	events2/Crisis/Crisis	0.5453341
WM	wm/concept/causal_factor/crisis_and_disaster/crisis/environmental_factor/natural_disaster/storm	SOFIA	entities/Locales/Natural_features	0.4911571
WM	wm/concept/causal_factor/crisis_and_disaster/crisis/environmental_factor/natural_disaster/storm	SOFIA	events1/Conflict/Attack	0.44942942
WM	wm/concept/causal_factor/crisis_and_disaster/crisis/environmental_factor/natural_disaster/storm	SOFIA	events2/Forecasting/Likelihood	0.40204757
WM	wm/concept/causal_factor/crisis_and_disaster/crisis/environmental_factor/natural_disaster/earthquake	SOFIA	events2/Crisis/Crisis	0.5485894
WM	wm/concept/causal_factor/crisis_and_disaster/crisis/environmental_factor/natural_disaster/earthquake	SOFIA	events1/Natural_Phenomena/Weather	0.43740493
WM	wm/concept/causal_factor/crisis_and_disaster/crisis/environmental_factor/natural_disaster/earthquake	SOFIA	events1/Conflict/Attack	0.36810422
WM	wm/concept/causal_factor/crisis_and_disaster/crisis/environmental_factor/natural_disaster/earthquake	SOFIA	entities/Locales/Natural_features	0.34139284
WM	wm/concept/causal_factor/crisis_and_disaster/crisis/environmental_factor/natural_disaster/earthquake	SOFIA	events2/Forecasting/Risk	0.33981615
WM	wm/concept/causal_factor/crisis_and_disaster/crisis/weather_issue/cold_temperature	SOFIA	events1/Natural_Phenomena/Weather	0.60792434
WM	wm/concept/causal_factor/crisis_and_disaster/crisis/weather_issue/cold_temperature	SOFIA	events1/Change	0.43894282
WM	wm/concept/causal_factor/crisis_and_disaster/crisis/weather_issue/cold_temperature	SOFIA	entities/Agriculture/Chemical_Substances	0.43169847
WM	wm/concept/causal_factor/crisis_and_disaster/crisis/weather_issue/cold_temperature	SOFIA	entities/Locales/Natural_features	0.39238238
WM	wm/concept/causal_factor/crisis_and_disaster/crisis/weather_issue/cold_temperature	SOFIA	events2/Forecasting/Likelihood	0.38468868
WM	wm/concept/causal_factor/crisis_and_disaster/fire	SOFIA	events1/Conflict/Attack	0.58120865
WM	wm/concept/causal_factor/crisis_and_disaster/fire	SOFIA	events2/Crisis/Crisis	0.46536446
WM	wm/concept/causal_factor/crisis_and_disaster/fire	SOFIA	entities/Leadership/Government	0.4391474
WM	wm/concept/causal_factor/crisis_and_disaster/fire	SOFIA	entities/Industrial_Artifacts	0.4198052
WM	wm/concept/causal_factor/crisis_and_disaster/fire	SOFIA	events2/Forecasting/Risk	0.4095777
WM	wm/concept/causal_factor/economic_and_commerce/economic_crisis	SOFIA	events2/Crisis/Crisis	0.76848495
WM	wm/concept/causal_factor/economic_and_commerce/economic_crisis	SOFIA	events1/Economy/Market	0.60802835
WM	wm/concept/causal_factor/economic_and_commerce/economic_crisis	SOFIA	events2/Forecasting/Risk	0.55476236
WM	wm/concept/causal_factor/economic_and_commerce/economic_crisis	SOFIA	events2/Assistance/Assistance	0.52309525
WM	wm/concept/causal_factor/economic_and_commerce/economic_crisis	SOFIA	events1/Conflict/Attack	0.515371
WM	wm/concept/causal_factor/economic_and_commerce/economic_activity/livelihood	SOFIA	entities/Leadership/Community	0.6224574
WM	wm/concept/causal_factor/economic_and_commerce/economic_activity/livelihood	SOFIA	events1/Economy/Commerce	0.60495776
WM	wm/concept/causal_factor/economic_and_commerce/economic_activity/livelihood	SOFIA	events1/Economy/Market	0.5423188
WM	wm/concept/causal_factor/economic_and_commerce/economic_activity/livelihood	SOFIA	entities/Leadership/Corporation	0.536216
WM	wm/concept/causal_factor/economic_and_commerce/economic_activity/livelihood	SOFIA	events2/Assistance/Assistance	0.53472584
WM	wm/concept/causal_factor/economic_and_commerce/economic_activity/currency	SOFIA	entities/Economy/Money	0.73879564
WM	wm/concept/causal_factor/economic_and_commerce/economic_activity/currency	SOFIA	events1/Economy/Market	0.6538912
WM	wm/concept/causal_factor/economic_and_commerce/economic_activity/currency	SOFIA	events1/Economy/Commerce	0.6492317
WM	wm/concept/causal_factor/economic_and_commerce/economic_activity/currency	SOFIA	events1/Change	0.45658907
WM	wm/concept/causal_factor/economic_and_commerce/economic_activity/currency	SOFIA	events2/Forecasting/Likelihood	0.41140813
WM	wm/concept/causal_factor/economic_and_commerce/economic_activity/cross_border_trade/import/food_import	SOFIA	events1/Economy/Commerce	0.51765853
WM	wm/concept/causal_factor/economic_and_commerce/economic_activity/cross_border_trade/import/food_import	SOFIA	events1/Produce/Manufacture	0.4966002
WM	wm/concept/causal_factor/economic_and_commerce/economic_activity/cross_border_trade/import/food_import	SOFIA	entities/Agriculture/Food	0.49220246
WM	wm/concept/causal_factor/economic_and_commerce/economic_activity/cross_border_trade/import/food_import	SOFIA	events1/Produce/Agriculture	0.4612497
WM	wm/concept/causal_factor/economic_and_commerce/economic_activity/cross_border_trade/import/food_import	SOFIA	events1/Movement/Transportation	0.4482231
WM	wm/concept/causal_factor/economic_and_commerce/economic_activity/cross_border_trade/export/food_export	SOFIA	events1/Economy/Commerce	0.5581362
WM	wm/concept/causal_factor/economic_and_commerce/economic_activity/cross_border_trade/export/food_export	SOFIA	events1/Produce/Manufacture	0.5312445
WM	wm/concept/causal_factor/economic_and_commerce/economic_activity/cross_border_trade/export/food_export	SOFIA	entities/Agriculture/Food	0.52946126
WM	wm/concept/causal_factor/economic_and_commerce/economic_activity/cross_border_trade/export/food_export	SOFIA	events1/Produce/Agriculture	0.5143864
WM	wm/concept/causal_factor/economic_and_commerce/economic_activity/cross_border_trade/export/food_export	SOFIA	events1/Economy/Market	0.47497028
WM	wm/concept/causal_factor/economic_and_commerce/economic_activity/market/labor_market	SOFIA	events1/Economy/Commerce	0.7095142
WM	wm/concept/causal_factor/economic_and_commerce/economic_activity/market/labor_market	SOFIA	events1/Economy/Market	0.68976223
WM	wm/concept/causal_factor/economic_and_commerce/economic_activity/market/labor_market	SOFIA	entities/Economy/Money	0.67370296
WM	wm/concept/causal_factor/economic_and_commerce/economic_activity/market/labor_market	SOFIA	entities/Leadership/Community	0.5948661
WM	wm/concept/causal_factor/economic_and_commerce/economic_activity/market/labor_market	SOFIA	events1/Produce/Manufacture	0.5769909
WM	wm/concept/causal_factor/economic_and_commerce/economic_activity/market/fuel	SOFIA	entities/Agriculture/Chemical_Substances	0.58072925
WM	wm/concept/causal_factor/economic_and_commerce/economic_activity/market/fuel	SOFIA	events1/Economy/Market	0.46853796
WM	wm/concept/causal_factor/economic_and_commerce/economic_activity/market/fuel	SOFIA	events1/Economy/Commerce	0.4526121
WM	wm/concept/causal_factor/economic_and_commerce/economic_activity/market/fuel	SOFIA	events1/Produce/Manufacture	0.43304378
WM	wm/concept/causal_factor/economic_and_commerce/economic_activity/market/fuel	SOFIA	entities/Economy/Money	0.42797256
WM	wm/concept/causal_factor/economic_and_commerce/economic_activity/market/price_or_cost/food_price	SOFIA	entities/Economy/Money	0.6213003
WM	wm/concept/causal_factor/economic_and_commerce/economic_activity/market/price_or_cost/food_price	SOFIA	events1/Economy/Commerce	0.57992756
WM	wm/concept/causal_factor/economic_and_commerce/economic_activity/market/price_or_cost/food_price	SOFIA	events1/Economy/Market	0.5185306
WM	wm/concept/causal_factor/economic_and_commerce/economic_activity/market/price_or_cost/food_price	SOFIA	entities/Agriculture/Food	0.5049908
WM	wm/concept/causal_factor/economic_and_commerce/economic_activity/market/price_or_cost/food_price	SOFIA	events1/Accessibility/Accessibility	0.5037739
WM	wm/concept/causal_factor/economic_and_commerce/economic_activity/market/price_or_cost/oil_price	SOFIA	entities/Economy/Money	0.5766132
WM	wm/concept/causal_factor/economic_and_commerce/economic_activity/market/price_or_cost/oil_price	SOFIA	events1/Economy/Commerce	0.52788895
WM	wm/concept/causal_factor/economic_and_commerce/economic_activity/market/price_or_cost/oil_price	SOFIA	events1/Economy/Market	0.5047498
WM	wm/concept/causal_factor/economic_and_commerce/economic_activity/market/price_or_cost/oil_price	SOFIA	events1/Change	0.46461186
WM	wm/concept/causal_factor/economic_and_commerce/economic_activity/market/price_or_cost/oil_price	SOFIA	entities/Agriculture/Chemical_Substances	0.41584292
WM	wm/concept/causal_factor/economic_and_commerce/economic_activity/market/price_or_cost/cost_of_living	SOFIA	entities/Economy/Money	0.630621
WM	wm/concept/causal_factor/economic_and_commerce/economic_activity/market/price_or_cost/cost_of_living	SOFIA	entities/Leadership/Community	0.62701094
WM	wm/concept/causal_factor/economic_and_commerce/economic_activity/market/price_or_cost/cost_of_living	SOFIA	events1/Economy/Commerce	0.5386959
WM	wm/concept/causal_factor/economic_and_commerce/economic_activity/market/price_or_cost/cost_of_living	SOFIA	events1/Accessibility/Accessibility	0.53636736
WM	wm/concept/causal_factor/economic_and_commerce/economic_activity/market/price_or_cost/cost_of_living	SOFIA	events1/Produce/Manufacture	0.5143816
WM	wm/concept/causal_factor/economic_and_commerce/economic_activity/market/price_or_cost/cost_of_transportation	SOFIA	events1/Movement/Transportation	0.7129848
WM	wm/concept/causal_factor/economic_and_commerce/economic_activity/market/price_or_cost/cost_of_transportation	SOFIA	entities/Economy/Money	0.6376302
WM	wm/concept/causal_factor/economic_and_commerce/economic_activity/market/price_or_cost/cost_of_transportation	SOFIA	events1/Economy/Commerce	0.58833265
WM	wm/concept/causal_factor/economic_and_commerce/economic_activity/market/price_or_cost/cost_of_transportation	SOFIA	events1/Accessibility/Accessibility	0.5474877
WM	wm/concept/causal_factor/economic_and_commerce/economic_activity/market/price_or_cost/cost_of_transportation	SOFIA	events1/Produce/Manufacture	0.5104674
WM	wm/concept/causal_factor/economic_and_commerce/economic_activity/market/depreciation	SOFIA	events1/Economy/Market	0.5700292
WM	wm/concept/causal_factor/economic_and_commerce/economic_activity/market/depreciation	SOFIA	entities/Economy/Money	0.56850696
WM	wm/concept/causal_factor/economic_and_commerce/economic_activity/market/depreciation	SOFIA	events1/Economy/Commerce	0.44055453
WM	wm/concept/causal_factor/economic_and_commerce/economic_activity/market/depreciation	SOFIA	events1/Change	0.36683577
WM	wm/concept/causal_factor/economic_and_commerce/economic_activity/market/depreciation	SOFIA	events2/Forecasting/Likelihood	0.34637418
WM	wm/concept/causal_factor/economic_and_commerce/economic_activity/market/revenue	SOFIA	entities/Economy/Money	0.81810594
WM	wm/concept/causal_factor/economic_and_commerce/economic_activity/market/revenue	SOFIA	events1/Economy/Commerce	0.7618656
WM	wm/concept/causal_factor/economic_and_commerce/economic_activity/market/revenue	SOFIA	events1/Economy/Market	0.6935463
WM	wm/concept/causal_factor/economic_and_commerce/economic_activity/market/revenue	SOFIA	entities/Leadership/Community	0.57910395
WM	wm/concept/causal_factor/economic_and_commerce/economic_activity/market/revenue	SOFIA	events1/Change	0.5467975
WM	wm/concept/causal_factor/economic_and_commerce/economic_activity/market/budget	SOFIA	entities/Economy/Money	0.5400406
WM	wm/concept/causal_factor/economic_and_commerce/economic_activity/market/budget	SOFIA	events1/Accessibility/Accessibility	0.50501657
WM	wm/concept/causal_factor/economic_and_commerce/economic_activity/market/budget	SOFIA	events1/Economy/Market	0.49575317
WM	wm/concept/causal_factor/economic_and_commerce/economic_activity/market/budget	SOFIA	events1/Economy/Commerce	0.4601162
WM	wm/concept/causal_factor/economic_and_commerce/economic_activity/market/budget	SOFIA	entities/Law_Policy	0.4592473
WM	wm/concept/causal_factor/economic_and_commerce/economic_activity/market/assets	SOFIA	events1/Economy/Commerce	0.66742456
WM	wm/concept/causal_factor/economic_and_commerce/economic_activity/market/assets	SOFIA	events1/Economy/Market	0.63873696
WM	wm/concept/causal_factor/economic_and_commerce/economic_activity/market/assets	SOFIA	entities/Economy/Money	0.63196623
WM	wm/concept/causal_factor/economic_and_commerce/economic_activity/market/assets	SOFIA	entities/Leadership/Community	0.52098995
WM	wm/concept/causal_factor/economic_and_commerce/economic_activity/market/assets	SOFIA	entities/Leadership/Corporation	0.5060222
WM	wm/concept/causal_factor/economic_and_commerce/economic_activity/market/supply/food_supply	SOFIA	events1/Produce/Manufacture	0.5399573
WM	wm/concept/causal_factor/economic_and_commerce/economic_activity/market/supply/food_supply	SOFIA	events1/Economy/Commerce	0.51374143
WM	wm/concept/causal_factor/economic_and_commerce/economic_activity/market/supply/food_supply	SOFIA	events1/Produce/Agriculture	0.51120174
WM	wm/concept/causal_factor/economic_and_commerce/economic_activity/market/supply/food_supply	SOFIA	events1/Movement/Transportation	0.50612885
WM	wm/concept/causal_factor/economic_and_commerce/economic_activity/market/supply/food_supply	SOFIA	entities/Agriculture/Food	0.5049591
WM	wm/concept/causal_factor/economic_and_commerce/economic_activity/market/demand/food_demand	SOFIA	events1/Economy/Commerce	0.6044334
WM	wm/concept/causal_factor/economic_and_commerce/economic_activity/market/demand/food_demand	SOFIA	events1/Economy/Market	0.58653235
WM	wm/concept/causal_factor/economic_and_commerce/economic_activity/market/demand/food_demand	SOFIA	events1/Produce/Manufacture	0.5625053
WM	wm/concept/causal_factor/economic_and_commerce/economic_activity/market/demand/food_demand	SOFIA	events1/Accessibility/Accessibility	0.56210387
WM	wm/concept/causal_factor/economic_and_commerce/economic_activity/market/demand/food_demand	SOFIA	entities/Economy/Money	0.5608494
WM	wm/concept/causal_factor/economic_and_commerce/economic_activity/market/transaction/oil_transaction	SOFIA	events1/Economy/Commerce	0.6012175
WM	wm/concept/causal_factor/economic_and_commerce/economic_activity/market/transaction/oil_transaction	SOFIA	events1/Economy/Market	0.52919745
WM	wm/concept/causal_factor/economic_and_commerce/economic_activity/market/transaction/oil_transaction	SOFIA	entities/Economy/Money	0.52099556
WM	wm/concept/causal_factor/economic_and_commerce/economic_activity/market/transaction/oil_transaction	SOFIA	events1/Change	0.44705135
WM	wm/concept/causal_factor/economic_and_commerce/economic_activity/market/transaction/oil_transaction	SOFIA	entities/Agriculture/Chemical_Substances	0.3839802
WM	wm/concept/causal_factor/economic_and_commerce/economic_activity/market/inflation	SOFIA	events1/Economy/Market	0.67724067
WM	wm/concept/causal_factor/economic_and_commerce/economic_activity/market/inflation	SOFIA	entities/Economy/Money	0.5626748
WM	wm/concept/causal_factor/economic_and_commerce/economic_activity/market/inflation	SOFIA	events1/Change	0.5158548
WM	wm/concept/causal_factor/economic_and_commerce/economic_activity/market/inflation	SOFIA	events2/Forecasting/Likelihood	0.48281285
WM	wm/concept/causal_factor/economic_and_commerce/economic_activity/market/inflation	SOFIA	events2/Crisis/Crisis	0.4651777
WM	wm/concept/causal_factor/economic_and_commerce/economic_activity/market/currency_devaluation	SOFIA	events1/Economy/Market	0.66607195
WM	wm/concept/causal_factor/economic_and_commerce/economic_activity/market/currency_devaluation	SOFIA	entities/Economy/Money	0.56903386
WM	wm/concept/causal_factor/economic_and_commerce/economic_activity/market/currency_devaluation	SOFIA	events1/Economy/Commerce	0.4968779
WM	wm/concept/causal_factor/economic_and_commerce/economic_activity/market/currency_devaluation	SOFIA	events2/Crisis/Crisis	0.4385452
WM	wm/concept/causal_factor/economic_and_commerce/economic_activity/market/currency_devaluation	SOFIA	events1/Change	0.40398878
WM	wm/concept/causal_factor/economic_and_commerce/economic_activity/consumption/food_consumption	SOFIA	entities/Agriculture/Food	0.5675529
WM	wm/concept/causal_factor/economic_and_commerce/economic_activity/consumption/food_consumption	SOFIA	events1/Produce/Agriculture	0.48195592
WM	wm/concept/causal_factor/economic_and_commerce/economic_activity/consumption/food_consumption	SOFIA	entities/Agriculture/Chemical_Substances	0.44613913
WM	wm/concept/causal_factor/economic_and_commerce/economic_activity/consumption/food_consumption	SOFIA	entities/Leadership/Community	0.43349284
WM	wm/concept/causal_factor/economic_and_commerce/economic_activity/consumption/food_consumption	SOFIA	entities/Agriculture/Animals	0.41528463
WM	wm/concept/causal_factor/economic_and_commerce/economic_activity/competition	SOFIA	events1/Economy/Commerce	0.38868722
WM	wm/concept/causal_factor/economic_and_commerce/economic_activity/competition	SOFIA	entities/Leadership/Community	0.38410863
WM	wm/concept/causal_factor/economic_and_commerce/economic_activity/competition	SOFIA	entities/Leadership/Government	0.3558402
WM	wm/concept/causal_factor/economic_and_commerce/economic_activity/competition	SOFIA	events2/Information_Manag/Cogn_Process	0.35385704
WM	wm/concept/causal_factor/economic_and_commerce/economic_activity/competition	SOFIA	events1/Conflict/Attack	0.33889207
WM	wm/concept/causal_factor/economic_and_commerce/economic_activity/development	SOFIA	events1/Produce/Manufacture	0.52732384
WM	wm/concept/causal_factor/economic_and_commerce/economic_activity/development	SOFIA	entities/Leadership/Community	0.521209
WM	wm/concept/causal_factor/economic_and_commerce/economic_activity/development	SOFIA	events1/Economy/Commerce	0.49571452
WM	wm/concept/causal_factor/economic_and_commerce/economic_activity/development	SOFIA	entities/Leadership/Corporation	0.49452063
WM	wm/concept/causal_factor/economic_and_commerce/economic_activity/development	SOFIA	events2/Assistance/Assistance	0.4896084
WM	wm/concept/causal_factor/social_and_political/basic_services	SOFIA	events1/Movement/Transportation	0.5371867
WM	wm/concept/causal_factor/social_and_political/basic_services	SOFIA	events1/Accessibility/Accessibility	0.5008401
WM	wm/concept/causal_factor/social_and_political/basic_services	SOFIA	entities/Leadership/Community	0.4920987
WM	wm/concept/causal_factor/social_and_political/basic_services	SOFIA	events2/Assistance/Assistance	0.46273935
WM	wm/concept/causal_factor/social_and_political/basic_services	SOFIA	entities/Leadership/Corporation	0.46010163
WM	wm/concept/causal_factor/social_and_political/education/education	SOFIA	entities/Sciences_Education	0.5963322
WM	wm/concept/causal_factor/social_and_political/education/education	SOFIA	entities/Leadership/Community	0.594522
WM	wm/concept/causal_factor/social_and_political/education/education	SOFIA	entities/Leadership/Government	0.5387913
WM	wm/concept/causal_factor/social_and_political/education/education	SOFIA	entities/Leadership/Corporation	0.5202749
WM	wm/concept/causal_factor/social_and_political/education/education	SOFIA	events2/Assistance/Assistance	0.51288265
WM	wm/concept/causal_factor/social_and_political/education/educational_materials	SOFIA	events2/Assistance/Assistance	0.6005837
WM	wm/concept/causal_factor/social_and_political/education/educational_materials	SOFIA	entities/Leadership/Community	0.5811707
WM	wm/concept/causal_factor/social_and_political/education/educational_materials	SOFIA	events1/Produce/Manufacture	0.58020616
WM	wm/concept/causal_factor/social_and_political/education/educational_materials	SOFIA	events1/Accessibility/Accessibility	0.54781663
WM	wm/concept/causal_factor/social_and_political/education/educational_materials	SOFIA	events2/Information_Manag/Cogn_Process	0.5415664
WM	wm/concept/causal_factor/social_and_political/government/census	SOFIA	entities/Information_Sources	0.5396954
WM	wm/concept/causal_factor/social_and_political/government/census	SOFIA	entities/Leadership/Community	0.4264342
WM	wm/concept/causal_factor/social_and_political/government/census	SOFIA	events2/Forecasting/Likelihood	0.4122367
WM	wm/concept/causal_factor/social_and_political/government/census	SOFIA	entities/Leadership/Government	0.40970474
WM	wm/concept/causal_factor/social_and_political/government/census	SOFIA	entities/Sciences_Education	0.35797912
WM	wm/concept/causal_factor/social_and_political/government/regulation	SOFIA	entities/Law_Policy	0.7564953
WM	wm/concept/causal_factor/social_and_political/government/regulation	SOFIA	entities/Leadership/Government	0.5668272
WM	wm/concept/causal_factor/social_and_political/government/regulation	SOFIA	events2/Forecasting/Risk	0.554158
WM	wm/concept/causal_factor/social_and_political/government/regulation	SOFIA	events2/Assistance/Assistance	0.54285043
WM	wm/concept/causal_factor/social_and_political/government/regulation	SOFIA	entities/Leadership/Community	0.52545357
WM	wm/concept/causal_factor/social_and_political/government/tax_duty	SOFIA	entities/Economy/Money	0.6386816
WM	wm/concept/causal_factor/social_and_political/government/tax_duty	SOFIA	events1/Economy/Commerce	0.5655954
WM	wm/concept/causal_factor/social_and_political/government/tax_duty	SOFIA	entities/Leadership/Government	0.55009574
WM	wm/concept/causal_factor/social_and_political/government/tax_duty	SOFIA	entities/Law_Policy	0.5439136
WM	wm/concept/causal_factor/social_and_political/government/tax_duty	SOFIA	entities/Leadership/Community	0.5141575
WM	wm/concept/causal_factor/social_and_political/political/political_instability	SOFIA	events1/Conflict/Hostility	0.7298066
WM	wm/concept/causal_factor/social_and_political/political/political_instability	SOFIA	events2/Crisis/Crisis	0.7031056
WM	wm/concept/causal_factor/social_and_political/political/political_instability	SOFIA	events1/Conflict/Attack	0.6285859
WM	wm/concept/causal_factor/social_and_political/political/political_instability	SOFIA	entities/Law_Policy	0.628204
WM	wm/concept/causal_factor/social_and_political/political/political_instability	SOFIA	events2/Forecasting/Risk	0.5936434
WM	wm/concept/causal_factor/social_and_political/political/independence	SOFIA	entities/Law_Policy	0.5610138
WM	wm/concept/causal_factor/social_and_political/political/independence	SOFIA	entities/Leadership/Government	0.46715432
WM	wm/concept/causal_factor/social_and_political/political/independence	SOFIA	events1/Conflict/Hostility	0.45449293
WM	wm/concept/causal_factor/social_and_political/political/independence	SOFIA	events1/Movement/Human_Migration	0.41217107
WM	wm/concept/causal_factor/social_and_political/political/independence	SOFIA	entities/Leadership/Community	0.38392588
WM	wm/concept/causal_factor/social_and_political/migration/human_migration	SOFIA	events1/Movement/Human_Migration	0.7319806
WM	wm/concept/causal_factor/social_and_political/migration/human_migration	SOFIA	events1/Change	0.5693948
WM	wm/concept/causal_factor/social_and_political/migration/human_migration	SOFIA	events1/Accessibility/Accessibility	0.5568206
WM	wm/concept/causal_factor/social_and_political/migration/human_migration	SOFIA	entities/Leadership/Community	0.54946715
WM	wm/concept/causal_factor/social_and_political/migration/human_migration	SOFIA	events2/Crisis/Crisis	0.53682864
WM	wm/concept/causal_factor/social_and_political/migration/hosting_idps	SOFIA	entities/Leadership/Community	0.543223
WM	wm/concept/causal_factor/social_and_political/migration/hosting_idps	SOFIA	entities/Leadership/Government	0.45276582
WM	wm/concept/causal_factor/social_and_political/migration/hosting_idps	SOFIA	events1/Accessibility/Accessibility	0.44789577
WM	wm/concept/causal_factor/social_and_political/migration/hosting_idps	SOFIA	events2/Assistance/Assistance	0.43948573
WM	wm/concept/causal_factor/social_and_political/migration/hosting_idps	SOFIA	events2/Information_Manag/Communicate	0.43015298
WM	wm/concept/causal_factor/social_and_political/migration/emigration	SOFIA	events1/Movement/Human_Migration	0.621775
WM	wm/concept/causal_factor/social_and_political/migration/emigration	SOFIA	entities/Leadership/Government	0.50599825
WM	wm/concept/causal_factor/social_and_political/migration/emigration	SOFIA	events1/Conflict/Hostility	0.48248887
WM	wm/concept/causal_factor/social_and_political/migration/emigration	SOFIA	entities/Leadership/Community	0.48192397
WM	wm/concept/causal_factor/social_and_political/migration/emigration	SOFIA	events1/Conflict/Attack	0.47404045
WM	wm/concept/causal_factor/social_and_political/migration/immigration	SOFIA	events1/Movement/Human_Migration	0.63451207
WM	wm/concept/causal_factor/social_and_political/migration/immigration	SOFIA	events2/Information_Manag/Cogn_Process	0.524067
WM	wm/concept/causal_factor/social_and_political/migration/immigration	SOFIA	entities/Leadership/Government	0.5218945
WM	wm/concept/causal_factor/social_and_political/migration/immigration	SOFIA	entities/Leadership/Community	0.51921743
WM	wm/concept/causal_factor/social_and_political/migration/immigration	SOFIA	events1/Accessibility/Accessibility	0.50175774
WM	wm/concept/causal_factor/social_and_political/migration/migration_returnees	SOFIA	events1/Movement/Human_Migration	0.43228745
WM	wm/concept/causal_factor/social_and_political/migration/migration_returnees	SOFIA	events2/Assistance/Assistance	0.29772693
WM	wm/concept/causal_factor/social_and_political/migration/migration_returnees	SOFIA	entities/Leadership/Community	0.27983674
WM	wm/concept/causal_factor/social_and_political/migration/migration_returnees	SOFIA	events2/Crisis/Crisis	0.27360946
WM	wm/concept/causal_factor/social_and_political/migration/migration_returnees	SOFIA	entities/Leadership/Government	0.26730743
WM	wm/concept/causal_factor/social_and_political/migration/seasonal_migration	SOFIA	events1/Movement/Human_Migration	0.64557517
WM	wm/concept/causal_factor/social_and_political/migration/seasonal_migration	SOFIA	events1/Accessibility/Accessibility	0.42125666
WM	wm/concept/causal_factor/social_and_political/migration/seasonal_migration	SOFIA	events1/Natural_Phenomena/Weather	0.38925004
WM	wm/concept/causal_factor/social_and_political/migration/seasonal_migration	SOFIA	events1/Change	0.38649836
WM	wm/concept/causal_factor/social_and_political/migration/seasonal_migration	SOFIA	entities/Locales/Natural_features	0.36048684
WM	wm/concept/causal_factor/social_and_political/threat/exploitation	SOFIA	events1/Conflict/Hostility	0.60334647
WM	wm/concept/causal_factor/social_and_political/threat/exploitation	SOFIA	events2/Crisis/Crisis	0.42375806
WM	wm/concept/causal_factor/social_and_political/threat/exploitation	SOFIA	events2/Information_Manag/Emotion	0.42231503
WM	wm/concept/causal_factor/social_and_political/threat/exploitation	SOFIA	entities/Law_Policy	0.4177085
WM	wm/concept/causal_factor/social_and_political/threat/exploitation	SOFIA	events2/Forecasting/Risk	0.40970063
WM	wm/concept/causal_factor/social_and_political/threat/physical_insecurity	SOFIA	events1/Conflict/Hostility	0.6965001
WM	wm/concept/causal_factor/social_and_political/threat/physical_insecurity	SOFIA	events2/Information_Manag/Emotion	0.6630463
WM	wm/concept/causal_factor/social_and_political/threat/physical_insecurity	SOFIA	events2/Crisis/Crisis	0.6327509
WM	wm/concept/causal_factor/social_and_political/threat/physical_insecurity	SOFIA	events1/Accessibility/Accessibility	0.6230305
WM	wm/concept/causal_factor/social_and_political/threat/physical_insecurity	SOFIA	events2/Forecasting/Risk	0.61447847
WM	wm/concept/causal_factor/social_and_political/threat/disarmament	SOFIA	entities/Law_Policy	0.4408136
WM	wm/concept/causal_factor/social_and_political/threat/disarmament	SOFIA	events1/Conflict/Attack	0.40593734
WM	wm/concept/causal_factor/social_and_political/threat/disarmament	SOFIA	events1/Conflict/Hostility	0.38748208
WM	wm/concept/causal_factor/social_and_political/threat/disarmament	SOFIA	events2/Crisis/Crisis	0.34828237
WM	wm/concept/causal_factor/social_and_political/threat/disarmament	SOFIA	events1/Health/Famine	0.3078421
WM	wm/concept/causal_factor/social_and_political/crime/crime	SOFIA	events1/Conflict/Hostility	0.5646464
WM	wm/concept/causal_factor/social_and_political/crime/crime	SOFIA	events1/Death/Death	0.53399235
WM	wm/concept/causal_factor/social_and_political/crime/crime	SOFIA	events1/Conflict/Attack	0.49732178
WM	wm/concept/causal_factor/social_and_political/crime/crime	SOFIA	entities/Leadership/Community	0.47710603
WM	wm/concept/causal_factor/social_and_political/crime/crime	SOFIA	events2/Forecasting/Risk	0.47634283
WM	wm/concept/causal_factor/social_and_political/crime/abduction	SOFIA	events1/Conflict/Hostility	0.5326793
WM	wm/concept/causal_factor/social_and_political/crime/abduction	SOFIA	events1/Conflict/Attack	0.5145684
WM	wm/concept/causal_factor/social_and_political/crime/abduction	SOFIA	events1/Death/Death	0.4942178
WM	wm/concept/causal_factor/social_and_political/crime/abduction	SOFIA	entities/Law_Policy	0.43976757
WM	wm/concept/causal_factor/social_and_political/crime/abduction	SOFIA	entities/Leadership/Government	0.43013448
WM	wm/concept/causal_factor/social_and_political/conflict/hostility	SOFIA	events1/Conflict/Hostility	0.8214983
WM	wm/concept/causal_factor/social_and_political/conflict/hostility	SOFIA	events1/Conflict/Attack	0.79009634
WM	wm/concept/causal_factor/social_and_political/conflict/hostility	SOFIA	events2/Crisis/Crisis	0.61805695
WM	wm/concept/causal_factor/social_and_political/conflict/hostility	SOFIA	entities/Law_Policy	0.57575727
WM	wm/concept/causal_factor/social_and_political/conflict/hostility	SOFIA	entities/Leadership/Government	0.546834
WM	wm/concept/causal_factor/social_and_political/conflict/demonstrate	SOFIA	events1/Conflict/Attack	0.70588976
WM	wm/concept/causal_factor/social_and_political/conflict/demonstrate	SOFIA	events1/Conflict/Hostility	0.6715592
WM	wm/concept/causal_factor/social_and_political/conflict/demonstrate	SOFIA	entities/Leadership/Government	0.519281
WM	wm/concept/causal_factor/social_and_political/conflict/demonstrate	SOFIA	events2/Crisis/Crisis	0.5180873
WM	wm/concept/causal_factor/social_and_political/conflict/demonstrate	SOFIA	entities/Law_Policy	0.47005987
WM	wm/concept/causal_factor/social_and_political/conflict/war	SOFIA	events1/Conflict/Attack	0.8493156
WM	wm/concept/causal_factor/social_and_political/conflict/war	SOFIA	events1/Conflict/Hostility	0.717573
WM	wm/concept/causal_factor/social_and_political/conflict/war	SOFIA	events2/Crisis/Crisis	0.61776394
WM	wm/concept/causal_factor/social_and_political/conflict/war	SOFIA	events1/Death/Death	0.6052283
WM	wm/concept/causal_factor/social_and_political/conflict/war	SOFIA	entities/Leadership/Government	0.54695916
WM	wm/concept/causal_factor/social_and_political/conflict/attack	SOFIA	events1/Conflict/Attack	0.90257084
WM	wm/concept/causal_factor/social_and_political/conflict/attack	SOFIA	events1/Conflict/Hostility	0.6987313
WM	wm/concept/causal_factor/social_and_political/conflict/attack	SOFIA	events1/Death/Death	0.6117017
WM	wm/concept/causal_factor/social_and_political/conflict/attack	SOFIA	events2/Crisis/Crisis	0.60540366
WM	wm/concept/causal_factor/social_and_political/conflict/attack	SOFIA	entities/Leadership/Government	0.5363989
WM	wm/concept/causal_factor/social_and_political/conflict/strike	SOFIA	events1/Conflict/Attack	0.8627418
WM	wm/concept/causal_factor/social_and_political/conflict/strike	SOFIA	events1/Conflict/Hostility	0.6856071
WM	wm/concept/causal_factor/social_and_political/conflict/strike	SOFIA	events2/Crisis/Crisis	0.6132701
WM	wm/concept/causal_factor/social_and_political/conflict/strike	SOFIA	events1/Death/Death	0.5949312
WM	wm/concept/causal_factor/social_and_political/conflict/strike	SOFIA	entities/Leadership/Government	0.5377493
WM	wm/concept/causal_factor/social_and_political/conflict/terrorism	SOFIA	events1/Conflict/Hostility	0.6557448
WM	wm/concept/causal_factor/social_and_political/conflict/terrorism	SOFIA	events1/Conflict/Attack	0.6530191
WM	wm/concept/causal_factor/social_and_political/conflict/terrorism	SOFIA	events2/Crisis/Crisis	0.5447617
WM	wm/concept/causal_factor/social_and_political/conflict/terrorism	SOFIA	entities/Law_Policy	0.5047448
WM	wm/concept/causal_factor/social_and_political/conflict/terrorism	SOFIA	events2/Forecasting/Risk	0.49967125
WM	wm/concept/causal_factor/social_and_political/conflict/livestock_raid	SOFIA	events1/Produce/Agriculture	0.58533746
WM	wm/concept/causal_factor/social_and_political/conflict/livestock_raid	SOFIA	entities/Agriculture/Animals	0.54345846
WM	wm/concept/causal_factor/social_and_political/conflict/livestock_raid	SOFIA	events1/Conflict/Attack	0.5268532
WM	wm/concept/causal_factor/social_and_political/conflict/livestock_raid	SOFIA	events1/Death/Death	0.44661525
WM	wm/concept/causal_factor/social_and_political/conflict/livestock_raid	SOFIA	events1/Conflict/Hostility	0.43399554
WM	wm/concept/causal_factor/social_and_political/sanction	SOFIA	entities/Law_Policy	0.52003527
WM	wm/concept/causal_factor/social_and_political/sanction	SOFIA	events1/Conflict/Hostility	0.5085532
WM	wm/concept/causal_factor/social_and_political/sanction	SOFIA	entities/Leadership/Government	0.40586293
WM	wm/concept/causal_factor/social_and_political/sanction	SOFIA	events2/Assistance/Assistance	0.38381067
WM	wm/concept/causal_factor/social_and_political/sanction	SOFIA	events2/Forecasting/Risk	0.37448668
WM	wm/concept/causal_factor/movement/movement/transport	SOFIA	events1/Movement/Transportation	0.7589464
WM	wm/concept/causal_factor/movement/movement/transport	SOFIA	entities/Locales/Artificial	0.42175135
WM	wm/concept/causal_factor/movement/movement/transport	SOFIA	events1/Accessibility/Accessibility	0.40100843
WM	wm/concept/causal_factor/movement/movement/transport	SOFIA	entities/Industrial_Artifacts	0.4008587
WM	wm/concept/causal_factor/movement/movement/transport	SOFIA	entities/Agriculture/Chemical_Substances	0.383275
WM	wm/concept/causal_factor/movement/movement/human_displacement	SOFIA	events1/Movement/Human_Migration	0.536355
WM	wm/concept/causal_factor/movement/movement/human_displacement	SOFIA	events2/Crisis/Crisis	0.3754559
WM	wm/concept/causal_factor/movement/movement/human_displacement	SOFIA	events1/Natural_Phenomena/Weather	0.36985263
WM	wm/concept/causal_factor/movement/movement/human_displacement	SOFIA	events1/Change	0.36951268
WM	wm/concept/causal_factor/movement/movement/human_displacement	SOFIA	events1/Conflict/Hostility	0.35543048
WM	wm/concept/causal_factor/movement/movement/evacuate_humanitarian_workers	SOFIA	events2/Crisis/Crisis	0.4957932
WM	wm/concept/causal_factor/movement/movement/evacuate_humanitarian_workers	SOFIA	entities/Leadership/Government	0.49093437
WM	wm/concept/causal_factor/movement/movement/evacuate_humanitarian_workers	SOFIA	events2/Assistance/Assistance	0.49088025
WM	wm/concept/causal_factor/movement/movement/evacuate_humanitarian_workers	SOFIA	events1/Movement/Human_Migration	0.48351282
WM	wm/concept/causal_factor/movement/movement/evacuate_humanitarian_workers	SOFIA	entities/Leadership/Community	0.47964266
WM	wm/concept/causal_factor/movement/food_distribution	SOFIA	events1/Economy/Commerce	0.53416604
WM	wm/concept/causal_factor/movement/food_distribution	SOFIA	events1/Produce/Manufacture	0.50508785
WM	wm/concept/causal_factor/movement/food_distribution	SOFIA	entities/Leadership/Community	0.503531
WM	wm/concept/causal_factor/movement/food_distribution	SOFIA	events1/Movement/Transportation	0.50118995
WM	wm/concept/causal_factor/movement/food_distribution	SOFIA	events1/Accessibility/Accessibility	0.48349556
WM	wm/concept/causal_factor/weather/weather	SOFIA	events1/Natural_Phenomena/Weather	0.62779015
WM	wm/concept/causal_factor/weather/weather	SOFIA	events2/Forecasting/Likelihood	0.46880478
WM	wm/concept/causal_factor/weather/weather	SOFIA	entities/Locales/Natural_features	0.46527743
WM	wm/concept/causal_factor/weather/weather	SOFIA	entities/Locales/Artificial	0.35358977
WM	wm/concept/causal_factor/weather/weather	SOFIA	events2/Crisis/Crisis	0.34671077
WM	wm/concept/causal_factor/weather/climate	SOFIA	events1/Natural_Phenomena/Weather	0.6225888
WM	wm/concept/causal_factor/weather/climate	SOFIA	entities/Locales/Natural_features	0.5296996
WM	wm/concept/causal_factor/weather/climate	SOFIA	events1/Produce/Agriculture	0.40756196
WM	wm/concept/causal_factor/weather/climate	SOFIA	events2/Forecasting/Likelihood	0.406628
WM	wm/concept/causal_factor/weather/climate	SOFIA	events2/Crisis/Crisis	0.3940669
WM	wm/concept/causal_factor/weather/precipitation/flooding	SOFIA	events1/Natural_Phenomena/Weather	0.5741407
WM	wm/concept/causal_factor/weather/precipitation/flooding	SOFIA	events2/Crisis/Crisis	0.5145723
WM	wm/concept/causal_factor/weather/precipitation/flooding	SOFIA	entities/Locales/Natural_features	0.4581315
WM	wm/concept/causal_factor/weather/precipitation/flooding	SOFIA	events2/Forecasting/Risk	0.43953347
WM	wm/concept/causal_factor/weather/precipitation/flooding	SOFIA	events1/Conflict/Attack	0.38904026
WM	wm/concept/causal_factor/weather/precipitation/drought	SOFIA	events1/Natural_Phenomena/Weather	0.62929744
WM	wm/concept/causal_factor/weather/precipitation/drought	SOFIA	events1/Produce/Agriculture	0.52626765
WM	wm/concept/causal_factor/weather/precipitation/drought	SOFIA	events2/Crisis/Crisis	0.4866634
WM	wm/concept/causal_factor/weather/precipitation/drought	SOFIA	events1/Health/Famine	0.44007033
WM	wm/concept/causal_factor/weather/precipitation/drought	SOFIA	entities/Agriculture/Animals	0.43578473
WM	wm/concept/causal_factor/weather/precipitation/storm	SOFIA	events1/Natural_Phenomena/Weather	0.64454764
WM	wm/concept/causal_factor/weather/precipitation/storm	SOFIA	events2/Crisis/Crisis	0.52531445
WM	wm/concept/causal_factor/weather/precipitation/storm	SOFIA	entities/Locales/Natural_features	0.48040408
WM	wm/concept/causal_factor/weather/precipitation/storm	SOFIA	events1/Conflict/Attack	0.43297616
WM	wm/concept/causal_factor/weather/precipitation/storm	SOFIA	events2/Forecasting/Likelihood	0.40807298
WM	wm/concept/causal_factor/weather/temperature	SOFIA	events1/Natural_Phenomena/Weather	0.59654635
WM	wm/concept/causal_factor/weather/temperature	SOFIA	events1/Change	0.43452272
WM	wm/concept/causal_factor/weather/temperature	SOFIA	entities/Agriculture/Chemical_Substances	0.43104088
WM	wm/concept/causal_factor/weather/temperature	SOFIA	entities/Locales/Natural_features	0.3939427
WM	wm/concept/causal_factor/weather/temperature	SOFIA	events2/Forecasting/Likelihood	0.38932535
WM	wm/concept/causal_factor/agriculture/agricultural_production	SOFIA	events1/Produce/Agriculture	0.74153
WM	wm/concept/causal_factor/agriculture/agricultural_production	SOFIA	entities/Agriculture/Animals	0.5796936
WM	wm/concept/causal_factor/agriculture/agricultural_production	SOFIA	entities/Agriculture/Food	0.573875
WM	wm/concept/causal_factor/agriculture/agricultural_production	SOFIA	events1/Produce/Manufacture	0.50784326
WM	wm/concept/causal_factor/agriculture/agricultural_production	SOFIA	entities/Agriculture/Chemical_Substances	0.49619138
WM	wm/concept/causal_factor/agriculture/planting	SOFIA	events1/Produce/Agriculture	0.63751185
WM	wm/concept/causal_factor/agriculture/planting	SOFIA	entities/Agriculture/Animals	0.53278756
WM	wm/concept/causal_factor/agriculture/planting	SOFIA	entities/Agriculture/Chemical_Substances	0.47413453
WM	wm/concept/causal_factor/agriculture/planting	SOFIA	entities/Agriculture/Food	0.46398616
WM	wm/concept/causal_factor/agriculture/planting	SOFIA	events1/Produce/Manufacture	0.41208583
WM	wm/concept/causal_factor/agriculture/crop_storage	SOFIA	events1/Produce/Agriculture	0.57780397
WM	wm/concept/causal_factor/agriculture/crop_storage	SOFIA	entities/Agriculture/Food	0.5529778
WM	wm/concept/causal_factor/agriculture/crop_storage	SOFIA	entities/Agriculture/Animals	0.5297859
WM	wm/concept/causal_factor/agriculture/crop_storage	SOFIA	entities/Locales/Natural_features	0.42363346
WM	wm/concept/causal_factor/agriculture/crop_storage	SOFIA	events1/Economy/Commerce	0.40782914
WM	wm/concept/causal_factor/agriculture/fertilization	SOFIA	entities/Agriculture/Chemical_Substances	0.45505473
WM	wm/concept/causal_factor/agriculture/fertilization	SOFIA	entities/Agriculture/Animals	0.44650578
WM	wm/concept/causal_factor/agriculture/fertilization	SOFIA	events1/Produce/Agriculture	0.43109778
WM	wm/concept/causal_factor/agriculture/fertilization	SOFIA	events1/Health/Medicine	0.35033247
WM	wm/concept/causal_factor/agriculture/fertilization	SOFIA	events1/Natural_Phenomena/Weather	0.34818402
WM	wm/concept/causal_factor/agriculture/irrigation	SOFIA	events1/Produce/Agriculture	0.6081618
WM	wm/concept/causal_factor/agriculture/irrigation	SOFIA	events1/Natural_Phenomena/Weather	0.54691344
WM	wm/concept/causal_factor/agriculture/irrigation	SOFIA	entities/Agriculture/Chemical_Substances	0.49025398
WM	wm/concept/causal_factor/agriculture/irrigation	SOFIA	entities/Agriculture/Animals	0.4705528
WM	wm/concept/causal_factor/agriculture/irrigation	SOFIA	entities/Locales/Natural_features	0.458886
WM	wm/concept/causal_factor/agriculture/pesticide	SOFIA	entities/Agriculture/Chemical_Substances	0.6379851
WM	wm/concept/causal_factor/agriculture/pesticide	SOFIA	events1/Produce/Agriculture	0.46838304
WM	wm/concept/causal_factor/agriculture/pesticide	SOFIA	entities/Agriculture/Animals	0.4681259
WM	wm/concept/causal_factor/agriculture/pesticide	SOFIA	entities/Agriculture/Food	0.38158375
WM	wm/concept/causal_factor/agriculture/pesticide	SOFIA	events2/Forecasting/Risk	0.36820114
WM	wm/concept/causal_factor/agriculture/crop	SOFIA	entities/Agriculture/Food	0.8591864
WM	wm/concept/causal_factor/agriculture/crop	SOFIA	events1/Produce/Agriculture	0.59817624
WM	wm/concept/causal_factor/agriculture/crop	SOFIA	entities/Agriculture/Animals	0.5850504
WM	wm/concept/causal_factor/agriculture/crop	SOFIA	entities/Agriculture/Chemical_Substances	0.5529518
WM	wm/concept/causal_factor/agriculture/crop	SOFIA	entities/Locales/Natural_features	0.39475206
WM	wm/concept/causal_factor/agriculture/livestock_production	SOFIA	events1/Produce/Agriculture	0.71073955
WM	wm/concept/causal_factor/agriculture/livestock_production	SOFIA	entities/Agriculture/Animals	0.7051387
WM	wm/concept/causal_factor/agriculture/livestock_production	SOFIA	entities/Agriculture/Chemical_Substances	0.51298094
WM	wm/concept/causal_factor/agriculture/livestock_production	SOFIA	entities/Agriculture/Food	0.5087483
WM	wm/concept/causal_factor/agriculture/livestock_production	SOFIA	entities/Locales/Natural_features	0.43199354
WM	wm/concept/causal_factor/agriculture/pest	SOFIA	entities/Agriculture/Animals	0.7432934
WM	wm/concept/causal_factor/agriculture/pest	SOFIA	events1/Produce/Agriculture	0.5687296
WM	wm/concept/causal_factor/agriculture/pest	SOFIA	entities/Agriculture/Chemical_Substances	0.5011085
WM	wm/concept/causal_factor/agriculture/pest	SOFIA	entities/Agriculture/Food	0.48817366
WM	wm/concept/causal_factor/agriculture/pest	SOFIA	events1/Natural_Phenomena/Weather	0.41961926
WM	wm/concept/causal_factor/health_and_life/biometrics	SOFIA	events1/Accessibility/Accessibility	0.41283455
WM	wm/concept/causal_factor/health_and_life/biometrics	SOFIA	entities/Industrial_Artifacts	0.35112587
WM	wm/concept/causal_factor/health_and_life/biometrics	SOFIA	events1/Produce/Manufacture	0.3154274
WM	wm/concept/causal_factor/health_and_life/biometrics	SOFIA	entities/Information_Sources	0.31059143
WM	wm/concept/causal_factor/health_and_life/biometrics	SOFIA	events2/Information_Manag/Communicate	0.2694036
WM	wm/concept/causal_factor/health_and_life/disease/human_disease	SOFIA	events1/Health/Medicine	0.8062273
WM	wm/concept/causal_factor/health_and_life/disease/human_disease	SOFIA	events1/Health/Famine	0.5054146
WM	wm/concept/causal_factor/health_and_life/disease/human_disease	SOFIA	events1/Death/Death	0.5038273
WM	wm/concept/causal_factor/health_and_life/disease/human_disease	SOFIA	entities/Sciences_Education	0.46613786
WM	wm/concept/causal_factor/health_and_life/disease/human_disease	SOFIA	entities/Agriculture/Chemical_Substances	0.44617212
WM	wm/concept/causal_factor/health_and_life/disease/alcohol_drug_and_substance_abuse	SOFIA	events1/Conflict/Hostility	0.48276398
WM	wm/concept/causal_factor/health_and_life/disease/alcohol_drug_and_substance_abuse	SOFIA	events1/Death/Death	0.4807437
WM	wm/concept/causal_factor/health_and_life/disease/alcohol_drug_and_substance_abuse	SOFIA	events2/Information_Manag/Emotion	0.47524622
WM	wm/concept/causal_factor/health_and_life/disease/alcohol_drug_and_substance_abuse	SOFIA	events2/Forecasting/Risk	0.4696142
WM	wm/concept/causal_factor/health_and_life/disease/alcohol_drug_and_substance_abuse	SOFIA	events2/Assistance/Assistance	0.4683046
WM	wm/concept/causal_factor/health_and_life/disease/plant_disease/pest_infestation	SOFIA	entities/Agriculture/Animals	0.57784075
WM	wm/concept/causal_factor/health_and_life/disease/plant_disease/pest_infestation	SOFIA	events1/Produce/Agriculture	0.46860445
WM	wm/concept/causal_factor/health_and_life/disease/plant_disease/pest_infestation	SOFIA	events1/Natural_Phenomena/Weather	0.3763117
WM	wm/concept/causal_factor/health_and_life/disease/plant_disease/pest_infestation	SOFIA	events1/Health/Medicine	0.37312236
WM	wm/concept/causal_factor/health_and_life/disease/plant_disease/pest_infestation	SOFIA	entities/Agriculture/Chemical_Substances	0.36420712
WM	wm/concept/causal_factor/health_and_life/disease/animal_disease	SOFIA	events1/Health/Medicine	0.6372376
WM	wm/concept/causal_factor/health_and_life/disease/animal_disease	SOFIA	entities/Agriculture/Animals	0.6068339
WM	wm/concept/causal_factor/health_and_life/disease/animal_disease	SOFIA	events1/Death/Death	0.5448508
WM	wm/concept/causal_factor/health_and_life/disease/animal_disease	SOFIA	events1/Produce/Agriculture	0.51536083
WM	wm/concept/causal_factor/health_and_life/disease/animal_disease	SOFIA	events2/Forecasting/Risk	0.49484935
WM	wm/concept/causal_factor/health_and_life/treatment/health_treatment	SOFIA	events1/Health/Medicine	0.6855886
WM	wm/concept/causal_factor/health_and_life/treatment/health_treatment	SOFIA	entities/Sciences_Education	0.54493797
WM	wm/concept/causal_factor/health_and_life/treatment/health_treatment	SOFIA	events2/Assistance/Assistance	0.5140354
WM	wm/concept/causal_factor/health_and_life/treatment/health_treatment	SOFIA	entities/Agriculture/Chemical_Substances	0.45745698
WM	wm/concept/causal_factor/health_and_life/treatment/health_treatment	SOFIA	events1/Change	0.4445187
WM	wm/concept/causal_factor/health_and_life/treatment/health_intervention	SOFIA	events1/Health/Medicine	0.64945793
WM	wm/concept/causal_factor/health_and_life/treatment/health_intervention	SOFIA	events2/Assistance/Assistance	0.60029507
WM	wm/concept/causal_factor/health_and_life/treatment/health_intervention	SOFIA	entities/Sciences_Education	0.5811899
WM	wm/concept/causal_factor/health_and_life/treatment/health_intervention	SOFIA	events2/Forecasting/Risk	0.5556554
WM	wm/concept/causal_factor/health_and_life/treatment/health_intervention	SOFIA	entities/Leadership/Community	0.5512895
WM	wm/concept/causal_factor/health_and_life/death	SOFIA	events1/Death/Death	0.7653723
WM	wm/concept/causal_factor/health_and_life/death	SOFIA	events2/Forecasting/Risk	0.56440276
WM	wm/concept/causal_factor/health_and_life/death	SOFIA	events2/Crisis/Crisis	0.5486921
WM	wm/concept/causal_factor/health_and_life/death	SOFIA	events1/Health/Medicine	0.53187966
WM	wm/concept/causal_factor/health_and_life/death	SOFIA	events1/Change	0.51582664
WM	wm/concept/causal_factor/health_and_life/injury	SOFIA	events2/Forecasting/Risk	0.49653858
WM	wm/concept/causal_factor/health_and_life/injury	SOFIA	events2/Crisis/Crisis	0.43014258
WM	wm/concept/causal_factor/health_and_life/injury	SOFIA	events1/Health/Medicine	0.41073868
WM	wm/concept/causal_factor/health_and_life/injury	SOFIA	events1/Death/Death	0.40586764
WM	wm/concept/causal_factor/health_and_life/injury	SOFIA	events2/Assistance/Assistance	0.38457787
WM	wm/concept/causal_factor/health_and_life/birth	SOFIA	events1/Death/Death	0.49391618
WM	wm/concept/causal_factor/health_and_life/birth	SOFIA	entities/Leadership/Community	0.4208808
WM	wm/concept/causal_factor/health_and_life/birth	SOFIA	events2/Information_Manag/Cogn_Process	0.38700002
WM	wm/concept/causal_factor/health_and_life/birth	SOFIA	entities/Leadership/Government	0.36621764
WM	wm/concept/causal_factor/health_and_life/birth	SOFIA	events1/Health/Medicine	0.3634262
WM	wm/concept/causal_factor/health_and_life/famine	SOFIA	events1/Health/Famine	0.7043871
WM	wm/concept/causal_factor/health_and_life/famine	SOFIA	events2/Crisis/Crisis	0.5402776
WM	wm/concept/causal_factor/health_and_life/famine	SOFIA	events1/Death/Death	0.47059965
WM	wm/concept/causal_factor/health_and_life/famine	SOFIA	events1/Conflict/Hostility	0.46393237
WM	wm/concept/causal_factor/health_and_life/famine	SOFIA	events1/Movement/Human_Migration	0.44496986
WM	wm/concept/causal_factor/health_and_life/basic_needs	SOFIA	entities/Leadership/Community	0.5376199
WM	wm/concept/causal_factor/health_and_life/basic_needs	SOFIA	events1/Movement/Human_Migration	0.50297105
WM	wm/concept/causal_factor/health_and_life/basic_needs	SOFIA	events1/Change	0.46800447
WM	wm/concept/causal_factor/health_and_life/basic_needs	SOFIA	events1/Death/Death	0.44301805
WM	wm/concept/causal_factor/health_and_life/basic_needs	SOFIA	entities/Leadership/Government	0.44114116
WM	wm/concept/causal_factor/access/infrastructure/electrical	SOFIA	events1/Produce/Manufacture	0.5560723
WM	wm/concept/causal_factor/access/infrastructure/electrical	SOFIA	entities/Agriculture/Chemical_Substances	0.50068283
WM	wm/concept/causal_factor/access/infrastructure/electrical	SOFIA	events1/Economy/Commerce	0.48213217
WM	wm/concept/causal_factor/access/infrastructure/electrical	SOFIA	events1/Accessibility/Accessibility	0.46489468
WM	wm/concept/causal_factor/access/infrastructure/electrical	SOFIA	entities/Industrial_Artifacts	0.45963866
WM	wm/concept/causal_factor/access/infrastructure/water	SOFIA	entities/Locales/Natural_features	0.7183853
WM	wm/concept/causal_factor/access/infrastructure/water	SOFIA	events1/Natural_Phenomena/Weather	0.638482
WM	wm/concept/causal_factor/access/infrastructure/water	SOFIA	entities/Agriculture/Chemical_Substances	0.5372487
WM	wm/concept/causal_factor/access/infrastructure/water	SOFIA	events1/Produce/Agriculture	0.52346694
WM	wm/concept/causal_factor/access/infrastructure/water	SOFIA	entities/Agriculture/Animals	0.5228072
WM	wm/concept/causal_factor/access/infrastructure/waste	SOFIA	entities/Agriculture/Chemical_Substances	0.5091101
WM	wm/concept/causal_factor/access/infrastructure/waste	SOFIA	events1/Produce/Agriculture	0.43541
WM	wm/concept/causal_factor/access/infrastructure/waste	SOFIA	events1/Natural_Phenomena/Weather	0.43004915
WM	wm/concept/causal_factor/access/infrastructure/waste	SOFIA	entities/Agriculture/Animals	0.4243
WM	wm/concept/causal_factor/access/infrastructure/waste	SOFIA	events1/Produce/Manufacture	0.41936487
WM	wm/concept/causal_factor/access/infrastructure/road	SOFIA	entities/Locales/Artificial	0.65340227
WM	wm/concept/causal_factor/access/infrastructure/road	SOFIA	events1/Movement/Transportation	0.5164173
WM	wm/concept/causal_factor/access/infrastructure/road	SOFIA	entities/Industrial_Artifacts	0.4769805
WM	wm/concept/causal_factor/access/infrastructure/road	SOFIA	entities/Leadership/Government	0.46338484
WM	wm/concept/causal_factor/access/infrastructure/road	SOFIA	entities/Locales/Natural_features	0.4546252
WM	wm/concept/causal_factor/access/infrastructure/bridge	SOFIA	entities/Locales/Artificial	0.62289506
WM	wm/concept/causal_factor/access/infrastructure/bridge	SOFIA	entities/Locales/Natural_features	0.37421647
WM	wm/concept/causal_factor/access/infrastructure/bridge	SOFIA	events1/Movement/Transportation	0.34411916
WM	wm/concept/causal_factor/access/infrastructure/bridge	SOFIA	events1/Accessibility/Accessibility	0.33595714
WM	wm/concept/causal_factor/access/infrastructure/bridge	SOFIA	entities/Leadership/Government	0.33315888
WM	wm/concept/causal_factor/access/infrastructure/construction_materials	SOFIA	events1/Produce/Manufacture	0.5913958
WM	wm/concept/causal_factor/access/infrastructure/construction_materials	SOFIA	entities/Locales/Artificial	0.44446573
WM	wm/concept/causal_factor/access/infrastructure/construction_materials	SOFIA	events1/Economy/Commerce	0.44081688
WM	wm/concept/causal_factor/access/infrastructure/construction_materials	SOFIA	events1/Accessibility/Accessibility	0.42420083
WM	wm/concept/causal_factor/access/infrastructure/construction_materials	SOFIA	entities/Industrial_Artifacts	0.41232145
WM	wm/concept/causal_factor/access/infrastructure/transportation/travel	SOFIA	events1/Movement/Transportation	0.61583865
WM	wm/concept/causal_factor/access/infrastructure/transportation/travel	SOFIA	entities/Leadership/Community	0.39908487
WM	wm/concept/causal_factor/access/infrastructure/transportation/travel	SOFIA	events1/Accessibility/Accessibility	0.39015508
WM	wm/concept/causal_factor/access/infrastructure/transportation/travel	SOFIA	entities/Locales/Artificial	0.38461435
WM	wm/concept/causal_factor/access/infrastructure/transportation/travel	SOFIA	entities/Industrial_Artifacts	0.3737939
WM	wm/concept/causal_factor/access/infrastructure/transportation/shipping	SOFIA	events1/Movement/Transportation	0.60938394
WM	wm/concept/causal_factor/access/infrastructure/transportation/shipping	SOFIA	events1/Economy/Commerce	0.33755386
WM	wm/concept/causal_factor/access/infrastructure/transportation/shipping	SOFIA	entities/Economy/Money	0.32058054
WM	wm/concept/causal_factor/access/infrastructure/transportation/shipping	SOFIA	entities/Industrial_Artifacts	0.31734902
WM	wm/concept/causal_factor/access/infrastructure/transportation/shipping	SOFIA	entities/Locales/Artificial	0.314798
WM	wm/concept/causal_factor/access/infrastructure/medical/ambulances	SOFIA	events1/Movement/Transportation	0.45612532
WM	wm/concept/causal_factor/access/infrastructure/medical/ambulances	SOFIA	entities/Industrial_Artifacts	0.37063518
WM	wm/concept/causal_factor/access/infrastructure/medical/ambulances	SOFIA	entities/Locales/Artificial	0.3682775
WM	wm/concept/causal_factor/access/infrastructure/medical/ambulances	SOFIA	events2/Assistance/Assistance	0.3593071
WM	wm/concept/causal_factor/access/infrastructure/medical/ambulances	SOFIA	entities/Leadership/Government	0.34499493
WM	wm/concept/causal_factor/access/infrastructure/medical/medical_facility	SOFIA	entities/Sciences_Education	0.5747253
WM	wm/concept/causal_factor/access/infrastructure/medical/medical_facility	SOFIA	entities/Leadership/Community	0.5710261
WM	wm/concept/causal_factor/access/infrastructure/medical/medical_facility	SOFIA	events2/Assistance/Assistance	0.5451862
WM	wm/concept/causal_factor/access/infrastructure/medical/medical_facility	SOFIA	entities/Leadership/Government	0.5119337
WM	wm/concept/causal_factor/access/infrastructure/medical/medical_facility	SOFIA	entities/Information_Sources	0.5057552
WM	wm/concept/causal_factor/access/food_shortage	SOFIA	entities/Agriculture/Food	0.51281744
WM	wm/concept/causal_factor/access/food_shortage	SOFIA	events1/Accessibility/Accessibility	0.50444317
WM	wm/concept/causal_factor/access/food_shortage	SOFIA	events1/Produce/Agriculture	0.49914053
WM	wm/concept/causal_factor/access/food_shortage	SOFIA	events2/Crisis/Crisis	0.49029323
WM	wm/concept/causal_factor/access/food_shortage	SOFIA	events1/Economy/Market	0.46346104
WM	wm/concept/causal_factor/access/water_shortage	SOFIA	events1/Natural_Phenomena/Weather	0.60880065
WM	wm/concept/causal_factor/access/water_shortage	SOFIA	entities/Locales/Natural_features	0.55658233
WM	wm/concept/causal_factor/access/water_shortage	SOFIA	entities/Agriculture/Chemical_Substances	0.52953774
WM	wm/concept/causal_factor/access/water_shortage	SOFIA	events2/Crisis/Crisis	0.51260513
WM	wm/concept/causal_factor/access/water_shortage	SOFIA	events1/Produce/Agriculture	0.50432116
WM	wm/concept/causal_factor/access/road_access	SOFIA	entities/Locales/Artificial	0.6159091
WM	wm/concept/causal_factor/access/road_access	SOFIA	events1/Movement/Transportation	0.4703948
WM	wm/concept/causal_factor/access/road_access	SOFIA	entities/Locales/Natural_features	0.44408056
WM	wm/concept/causal_factor/access/road_access	SOFIA	entities/Industrial_Artifacts	0.42876473
WM	wm/concept/causal_factor/access/road_access	SOFIA	entities/Leadership/Government	0.41769263
WM	wm/concept/causal_factor/condition/living_condition/unsanitary_condition	SOFIA	events1/Health/Famine	0.06302345
WM	wm/concept/causal_factor/condition/living_condition/unsanitary_condition	SOFIA	events1/Health/Medicine	0.060076665
WM	wm/concept/causal_factor/condition/living_condition/unsanitary_condition	SOFIA	events1/Death/Death	0.058717467
WM	wm/concept/causal_factor/condition/living_condition/unsanitary_condition	SOFIA	events1/Natural_Phenomena/Weather	0.058364797
WM	wm/concept/causal_factor/condition/living_condition/unsanitary_condition	SOFIA	entities/Agriculture/Chemical_Substances	0.057712194
WM	wm/concept/causal_factor/condition/tension	SOFIA	events2/Information_Manag/Emotion	0.44973212
WM	wm/concept/causal_factor/condition/tension	SOFIA	events1/Conflict/Hostility	0.4284253
WM	wm/concept/causal_factor/condition/tension	SOFIA	events1/Change	0.41969788
WM	wm/concept/causal_factor/condition/tension	SOFIA	events2/Crisis/Crisis	0.3972489
WM	wm/concept/causal_factor/condition/tension	SOFIA	events2/Forecasting/Risk	0.35282722
WM	wm/concept/causal_factor/condition/trend	SOFIA	events2/Forecasting/Likelihood	0.5162312
WM	wm/concept/causal_factor/condition/trend	SOFIA	events1/Change	0.5107742
WM	wm/concept/causal_factor/condition/trend	SOFIA	events1/Economy/Market	0.4892042
WM	wm/concept/causal_factor/condition/trend	SOFIA	events2/Information_Manag/Cogn_Process	0.43211785
WM	wm/concept/causal_factor/condition/trend	SOFIA	events1/Economy/Commerce	0.40971935
WM	wm/concept/causal_factor/condition/famine	SOFIA	events1/Health/Famine	0.79034126
WM	wm/concept/causal_factor/condition/famine	SOFIA	events2/Crisis/Crisis	0.549869
WM	wm/concept/causal_factor/condition/famine	SOFIA	events1/Death/Death	0.5234902
WM	wm/concept/causal_factor/condition/famine	SOFIA	events1/Conflict/Hostility	0.51499736
WM	wm/concept/causal_factor/condition/famine	SOFIA	events2/Information_Manag/Emotion	0.4674977
WM	wm/concept/causal_factor/condition/poverty	SOFIA	events1/Health/Famine	0.57749194
WM	wm/concept/causal_factor/condition/poverty	SOFIA	events1/Conflict/Hostility	0.54130864
WM	wm/concept/causal_factor/condition/poverty	SOFIA	events2/Crisis/Crisis	0.49861842
WM	wm/concept/causal_factor/condition/poverty	SOFIA	events2/Information_Manag/Emotion	0.4968114
WM	wm/concept/causal_factor/condition/poverty	SOFIA	entities/Leadership/Community	0.46290413
WM	wm/concept/causal_factor/condition/food_security	SOFIA	events1/Accessibility/Accessibility	0.5547918
WM	wm/concept/causal_factor/condition/food_security	SOFIA	entities/Leadership/Community	0.5253809
WM	wm/concept/causal_factor/condition/food_security	SOFIA	events2/Assistance/Assistance	0.50125754
WM	wm/concept/causal_factor/condition/food_security	SOFIA	entities/Agriculture/Food	0.4903583
WM	wm/concept/causal_factor/condition/food_security	SOFIA	events1/Produce/Agriculture	0.46420327
WM	wm/concept/causal_factor/condition/food_insecurity	SOFIA	events1/Health/Famine	0.65238243
WM	wm/concept/causal_factor/condition/food_insecurity	SOFIA	events2/Crisis/Crisis	0.5610587
WM	wm/concept/causal_factor/condition/food_insecurity	SOFIA	events1/Conflict/Hostility	0.5388166
WM	wm/concept/causal_factor/condition/food_insecurity	SOFIA	events1/Change	0.5272581
WM	wm/concept/causal_factor/condition/food_insecurity	SOFIA	events1/Produce/Agriculture	0.5200342
WM	wm/concept/causal_factor/condition/food_diversity	SOFIA	entities/Leadership/Community	0.5443628
WM	wm/concept/causal_factor/condition/food_diversity	SOFIA	events1/Produce/Manufacture	0.53133947
WM	wm/concept/causal_factor/condition/food_diversity	SOFIA	events1/Produce/Agriculture	0.5115562
WM	wm/concept/causal_factor/condition/food_diversity	SOFIA	entities/Agriculture/Food	0.5071323
WM	wm/concept/causal_factor/condition/food_diversity	SOFIA	events1/Accessibility/Accessibility	0.48228672
WM	wm/concept/entity/geo-location	SOFIA	entities/Locales/Artificial	0.46250078
WM	wm/concept/entity/geo-location	SOFIA	events1/Accessibility/Accessibility	0.41433585
WM	wm/concept/entity/geo-location	SOFIA	entities/Industrial_Artifacts	0.38850227
WM	wm/concept/entity/geo-location	SOFIA	events1/Movement/Transportation	0.38169825
WM	wm/concept/entity/geo-location	SOFIA	entities/Leadership/Community	0.35902205
WM	wm/concept/entity/organization	SOFIA	entities/Leadership/Corporation	0.6393851
WM	wm/concept/entity/organization	SOFIA	entities/Leadership/Community	0.5745787
WM	wm/concept/entity/organization	SOFIA	entities/Law_Policy	0.5306041
WM	wm/concept/entity/organization	SOFIA	events2/Assistance/Assistance	0.51661384
WM	wm/concept/entity/organization	SOFIA	entities/Leadership/Government	0.5117077
WM	wm/concept/entity/government_entity	SOFIA	entities/Law_Policy	0.62369907
WM	wm/concept/entity/government_entity	SOFIA	entities/Leadership/Government	0.57141995
WM	wm/concept/entity/government_entity	SOFIA	entities/Leadership/Community	0.56688255
WM	wm/concept/entity/government_entity	SOFIA	entities/Leadership/Corporation	0.55598724
WM	wm/concept/entity/government_entity	SOFIA	events1/Economy/Commerce	0.5409545
WM	wm/concept/entity/person_and_group/population	SOFIA	entities/Leadership/Community	0.55473065
WM	wm/concept/entity/person_and_group/population	SOFIA	events1/Movement/Human_Migration	0.5119631
WM	wm/concept/entity/person_and_group/population	SOFIA	entities/Leadership/Government	0.45728323
WM	wm/concept/entity/person_and_group/population	SOFIA	events1/Change	0.44724584
WM	wm/concept/entity/person_and_group/population	SOFIA	events1/Death/Death	0.44344044
WM	wm/concept/entity/person_and_group/de-population	SOFIA	events1/Health/Famine	0.43080273
WM	wm/concept/entity/person_and_group/de-population	SOFIA	events1/Movement/Human_Migration	0.28658062
WM	wm/concept/entity/person_and_group/de-population	SOFIA	events1/Conflict/Hostility	0.2824422
WM	wm/concept/entity/person_and_group/de-population	SOFIA	events1/Health/Medicine	0.2750917
WM	wm/concept/entity/person_and_group/de-population	SOFIA	events1/Death/Death	0.24201271
WM	wm/concept/entity/person_and_group/overcrowding	SOFIA	events1/Health/Famine	0.49073017
WM	wm/concept/entity/person_and_group/overcrowding	SOFIA	events1/Natural_Phenomena/Weather	0.45648295
WM	wm/concept/entity/person_and_group/overcrowding	SOFIA	events1/Change	0.45275715
WM	wm/concept/entity/person_and_group/overcrowding	SOFIA	events1/Movement/Human_Migration	0.42793736
WM	wm/concept/entity/person_and_group/overcrowding	SOFIA	events1/Conflict/Hostility	0.4146287
WM	wm/concept/entity/person_and_group/community	SOFIA	entities/Leadership/Community	0.762111
WM	wm/concept/entity/person_and_group/community	SOFIA	entities/Leadership/Government	0.5801517
WM	wm/concept/entity/person_and_group/community	SOFIA	entities/Leadership/Corporation	0.4927556
WM	wm/concept/entity/person_and_group/community	SOFIA	events2/Assistance/Assistance	0.46256626
WM	wm/concept/entity/person_and_group/community	SOFIA	entities/Locales/Artificial	0.46036246
WM	wm/concept/entity/artifact	SOFIA	entities/Industrial_Artifacts	0.31439528
WM	wm/concept/entity/artifact	SOFIA	events2/Information_Manag/Cogn_Process	0.26679337
WM	wm/concept/entity/artifact	SOFIA	events1/Conflict/Hostility	0.26325953
WM	wm/concept/entity/artifact	SOFIA	entities/Information_Sources	0.25991365
WM	wm/concept/entity/artifact	SOFIA	events1/Conflict/Attack	0.25970623
WM	wm/concept/time/temporal/crop_season	SOFIA	events1/Produce/Agriculture	0.56257933
WM	wm/concept/time/temporal/crop_season	SOFIA	events1/Natural_Phenomena/Weather	0.44485557
WM	wm/concept/time/temporal/crop_season	SOFIA	entities/Agriculture/Animals	0.44114137
WM	wm/concept/time/temporal/crop_season	SOFIA	entities/Agriculture/Food	0.4376346
WM	wm/concept/time/temporal/crop_season	SOFIA	entities/Locales/Natural_features	0.42295
WM	wm/concept/time/temporal/season	SOFIA	events1/Natural_Phenomena/Weather	0.4245062
WM	wm/concept/time/temporal/season	SOFIA	events2/Forecasting/Likelihood	0.37483382
WM	wm/concept/time/temporal/season	SOFIA	entities/Locales/Natural_features	0.35491377
WM	wm/concept/time/temporal/season	SOFIA	events1/Produce/Agriculture	0.32721198
WM	wm/concept/time/temporal/season	SOFIA	events1/Change	0.29977024
WM	wm/concept/indicator_and_reported_property/weather/rainfall	SOFIA	events1/Natural_Phenomena/Weather	0.69938314
WM	wm/concept/indicator_and_reported_property/weather/rainfall	SOFIA	entities/Locales/Natural_features	0.4833049
WM	wm/concept/indicator_and_reported_property/weather/rainfall	SOFIA	events2/Forecasting/Likelihood	0.45701653
WM	wm/concept/indicator_and_reported_property/weather/rainfall	SOFIA	events1/Produce/Agriculture	0.40473235
WM	wm/concept/indicator_and_reported_property/weather/rainfall	SOFIA	events1/Change	0.35637757
WM	wm/concept/indicator_and_reported_property/agriculture/Crop_Production	SOFIA	events1/Produce/Agriculture	0.63487035
WM	wm/concept/indicator_and_reported_property/agriculture/Crop_Production	SOFIA	entities/Agriculture/Animals	0.5343018
WM	wm/concept/indicator_and_reported_property/agriculture/Crop_Production	SOFIA	entities/Agriculture/Food	0.5247959
WM	wm/concept/indicator_and_reported_property/agriculture/Crop_Production	SOFIA	entities/Agriculture/Chemical_Substances	0.43288666
WM	wm/concept/indicator_and_reported_property/agriculture/Crop_Production	SOFIA	events1/Natural_Phenomena/Weather	0.412547
WM	wm/concept/indicator_and_reported_property/commerce/Cross_Border_Trade	SOFIA	events1/Economy/Market	0.07908233
WM	wm/concept/indicator_and_reported_property/commerce/Cross_Border_Trade	SOFIA	events1/Economy/Commerce	0.0766286
WM	wm/concept/indicator_and_reported_property/commerce/Cross_Border_Trade	SOFIA	entities/Leadership/Government	0.07120231
WM	wm/concept/indicator_and_reported_property/commerce/Cross_Border_Trade	SOFIA	entities/Agriculture/Food	0.07056706
WM	wm/concept/indicator_and_reported_property/commerce/Cross_Border_Trade	SOFIA	entities/Economy/Money	0.0699704
WM	wm/concept/indicator_and_reported_property/conflict/population_displacement	SOFIA	events1/Movement/Human_Migration	0.5948698
WM	wm/concept/indicator_and_reported_property/conflict/population_displacement	SOFIA	events1/Change	0.48368374
WM	wm/concept/indicator_and_reported_property/conflict/population_displacement	SOFIA	events2/Crisis/Crisis	0.47411788
WM	wm/concept/indicator_and_reported_property/conflict/population_displacement	SOFIA	events1/Conflict/Hostility	0.46657726
WM	wm/concept/indicator_and_reported_property/conflict/population_displacement	SOFIA	entities/Leadership/Community	0.45264027
WM	wm/concept/indicator_and_reported_property/health/Global_Acute_Malnutrition_(GAM)_rate	SOFIA	events1/Health/Famine	0.647827
WM	wm/concept/indicator_and_reported_property/health/Global_Acute_Malnutrition_(GAM)_rate	SOFIA	events1/Health/Medicine	0.5200952
WM	wm/concept/indicator_and_reported_property/health/Global_Acute_Malnutrition_(GAM)_rate	SOFIA	events1/Death/Death	0.39560872
WM	wm/concept/indicator_and_reported_property/health/Global_Acute_Malnutrition_(GAM)_rate	SOFIA	events2/Crisis/Crisis	0.3424857
WM	wm/concept/indicator_and_reported_property/health/Global_Acute_Malnutrition_(GAM)_rate	SOFIA	events1/Conflict/Hostility	0.33829847